ID,utterance,annotation-charlie,annotation-morgane,list-ID
5,c'est mon c'est yyy yyy coupe mon yyy . [media],"[NULL,NULL,NULL]","[NULL,NULL,NULL]",1
5,c'est mon c'est yyy yyy coupe mon yyy . [media],"[NULL,NULL,NULL]","[NULL,NULL,NULL]",2
6,c'est c'était bon le le . [media],"[NULL,NULL,NULL]","[NULL,NULL,NULL]",1
6,c'est c'était bon le le . [media],"[NULL,NULL,NULL]","[NULL,NULL,NULL]",2
7,toi vas manger le gâteau yyy . [media],"[NULL,NULL,NULL]","[NULL,NULL,NULL]",1
7,toi vas manger le gâteau yyy . [media],"[NULL,NULL,NULL]","[NULL,NULL,NULL]",2
8,moi yyy xxx mange mon gâteau . [media],"[NULL,NULL,NULL]","[NULL,NULL,NULL]",1
8,moi yyy xxx mange mon gâteau . [media],"[NULL,NULL,NULL]","[NULL,NULL,NULL]",2
9,[quote] le dix neuf août deux mille huit .,"[NULL,NULL,NULL]","[NULL,NULL,NULL]",1
9,[quote] le dix neuf août deux mille huit .,"[NULL,NULL,NULL]","[NULL,NULL,NULL]",2
10,moi sais couper mon gâteau . [media],"[NULL,NULL,NULL]","[NULL,NULL,NULL]",1
10,moi sais couper mon gâteau . [media],"[NULL,NULL,NULL]","[NULL,NULL,NULL]",2
11,moi yyy zə mange comme ça . [media],"[NULL,NULL,NULL]","[NULL,NULL,NULL]",1
11,moi yyy zə mange comme ça . [media],"[NULL,NULL,NULL]","[NULL,NULL,NULL]",2
12,moi je mange comme ça .,"[NULL,NULL,NULL]","[NULL,NULL,NULL]",1
12,moi je mange comme ça .,"[NULL,NULL,NULL]","[NULL,NULL,NULL]",2
13,ça c'est du pain . [media],"[NULL,NULL,NULL]","[NULL,NULL,NULL]",1
13,ça c'est du pain . [media],"[NULL,NULL,NULL]","[NULL,NULL,NULL]",2
14,hum hum .,"[NULL,NULL,NULL]","[NULL,NULL,NULL]",1
14,hum hum .,"[NULL,NULL,NULL]","[NULL,NULL,NULL]",2
15,mmh c'est bon ! [media],"[NULL,NULL,NULL]","[NULL,NULL,NULL]",1
15,mmh c'est bon ! [media],"[NULL,NULL,NULL]","[NULL,NULL,NULL]",2
16,ça c'est bon . [media],"[NULL,NULL,NULL]","[NULL,NULL,NULL]",1
16,ça c'est bon . [media],"[NULL,NULL,NULL]","[NULL,NULL,NULL]",2
17,\<None\> \<None\> toi veux manger le gâteau ? [media],"[CHI-Initiation:Non-information-seeking,NULL,NULL]","[CHI-Initiation:Information-seeking:fact-based,NULL,NULL]",1
17,\<None\> \<None\> toi veux manger le gâteau ? [media],"[NULL,NULL,NULL]","[NULL,NULL,NULL]",2
18,merci .,"[NULL,NULL,NULL]","[PAR-Response:Non-answer:declarative,NULL,NULL]",1
18,merci .,"[NULL,NULL,NULL]","[NULL,NULL,NULL]",2
19,mmh c'est très bon ! [media],"[NULL,NULL,NULL]","[NULL,NULL,NULL]",1
19,mmh c'est très bon ! [media],"[NULL,NULL,NULL]","[NULL,NULL,NULL]",2
20,c'est toi qui l'as fait ? [media],"[NULL,NULL,NULL]","[PAR-Response:Non-answer:declarative,NULL,NULL]",1
20,c'est toi qui l'as fait ? [media],"[NULL,NULL,NULL]","[NULL,NULL,NULL]",2
21,ouais . [media],"[NULL,NULL,NULL]","[CHI-Follow-up:Otherwise,NULL,NULL]",1
21,ouais . [media],"[NULL,NULL,NULL]","[NULL,NULL,NULL]",2
22,qu'est-ce que tu as mis dedans ? [media],"[NULL,NULL,NULL]","[NULL,NULL,NULL]",1
22,qu'est-ce que tu as mis dedans ? [media],"[NULL,NULL,NULL]","[NULL,NULL,NULL]",2
23,yyy du chocolat .,"[NULL,NULL,NULL]","[NULL,NULL,NULL]",1
23,yyy du chocolat .,"[NULL,NULL,NULL]","[NULL,NULL,NULL]",2
24,ah bon !,"[NULL,NULL,NULL]","[NULL,NULL,NULL]",1
24,ah bon !,"[NULL,NULL,NULL]","[NULL,NULL,NULL]",2
25,alors elles ont fini de manger tes poupées ? [media],"[NULL,NULL,NULL]","[NULL,NULL,NULL]",1
25,alors elles ont fini de manger tes poupées ? [media],"[NULL,NULL,NULL]","[NULL,NULL,NULL]",2
26,le yyy . [media],"[NULL,NULL,NULL]","[NULL,NULL,NULL]",1
26,le yyy . [media],"[NULL,NULL,NULL]","[NULL,NULL,NULL]",2
27,ə peut ouvrir ? [media],"[CHI-Initiation:Non-information-seeking,NULL,NULL]","[CHI-Initiation:Information-seeking:fact-based,PAR-Response:No-response,NULL]",1
27,ə peut ouvrir ? [media],"[NULL,NULL,NULL]","[NULL,NULL,NULL]",2
28,0. . [media],"[NULL,NULL,NULL]","[NULL,NULL,NULL]",1
28,0. . [media],"[NULL,NULL,NULL]","[NULL,NULL,NULL]",2
29,allez Kiki ! [media],"[NULL,NULL,NULL]","[CHI-Follow-up:Otherwise,NULL,NULL]",1
29,allez Kiki ! [media],"[NULL,NULL,NULL]","[NULL,NULL,NULL]",2
30,0. . [media],"[NULL,NULL,NULL]","[NULL,NULL,NULL]",1
30,0. . [media],"[NULL,NULL,NULL]","[NULL,NULL,NULL]",2
31,0. . [media],"[NULL,NULL,NULL]","[NULL,NULL,NULL]",1
31,0. . [media],"[NULL,NULL,NULL]","[NULL,NULL,NULL]",2
32,qu'est-c que c'est ? [media],"[NULL,NULL,NULL]","[NULL,NULL,NULL]",1
32,qu'est-c que c'est ? [media],"[NULL,NULL,NULL]","[NULL,NULL,NULL]",2
33,un chocolat ! [media],"[NULL,NULL,NULL]","[NULL,NULL,NULL]",1
33,un chocolat ! [media],"[NULL,NULL,NULL]","[NULL,NULL,NULL]",2
34,c'est pour moi ?,"[NULL,NULL,NULL]","[NULL,NULL,NULL]",1
34,c'est pour moi ?,"[NULL,NULL,NULL]","[NULL,NULL,NULL]",2
35,mange avec Anaé . [media],"[NULL,NULL,NULL]","[NULL,NULL,NULL]",1
35,mange avec Anaé . [media],"[NULL,NULL,NULL]","[NULL,NULL,NULL]",2
36,0. mmh \<None\> c'est très bon . [media],"[NULL,NULL,NULL]","[NULL,NULL,NULL]",1
36,0. mmh \<None\> c'est très bon . [media],"[NULL,NULL,NULL]","[NULL,NULL,NULL]",2
37,à moi !,"[NULL,NULL,NULL]","[NULL,NULL,NULL]",1
37,à moi !,"[NULL,NULL,NULL]","[NULL,NULL,NULL]",2
38,à poupée ! [media],"[NULL,NULL,NULL]","[NULL,NULL,NULL]",1
38,à poupée ! [media],"[NULL,NULL,NULL]","[NULL,NULL,NULL]",2
39,0. . [media],"[NULL,NULL,NULL]","[NULL,NULL,NULL]",1
39,0. . [media],"[NULL,NULL,NULL]","[NULL,NULL,NULL]",2
40,[quote] tu voudras qu'on retourne à la piscine demain ?,"[NULL,NULL,NULL]","[NULL,NULL,NULL]",1
40,[quote] tu voudras qu'on retourne à la piscine demain ?,"[NULL,NULL,NULL]","[NULL,NULL,NULL]",2
41,c'est bon ? [media],"[CHI-Initiation:Information-seeking:fact-based,PAR-Response:No-response,NULL]","[CHI-Initiation:Information-seeking:fact-based,PAR-Response:No-response,NULL]",1
41,c'est bon ? [media],"[NULL,NULL,NULL]","[NULL,NULL,NULL]",2
42,il ja mangé deux ! [media],"[CHI-Follow-up:Otherwise,NULL,NULL]","[CHI-Follow-up:Own-explanation,NULL,NULL]",1
42,il ja mangé deux ! [media],"[NULL,NULL,NULL]","[NULL,NULL,NULL]",2
43,ah bon .,"[NULL,NULL,NULL]","[NULL,NULL,NULL]",1
43,ah bon .,"[NULL,NULL,NULL]","[NULL,NULL,NULL]",2
44,va manger un bout . [media],"[NULL,NULL,NULL]","[NULL,NULL,NULL]",1
44,va manger un bout . [media],"[NULL,NULL,NULL]","[NULL,NULL,NULL]",2
45,ə enlever la peau ? [media],"[CHI-Initiation:Non-information-seeking,NULL,NULL]","[CHI-Initiation:Information-seeking:fact-based,PAR-Response:No-response,NULL]",1
45,ə enlever la peau ? [media],"[NULL,NULL,NULL]","[NULL,NULL,NULL]",2
46,la peau de yyy yyy . [media],"[NULL,NULL,NULL]","[CHI-Follow-up:Otherwise,NULL,NULL]",1
46,la peau de yyy yyy . [media],"[NULL,NULL,NULL]","[NULL,NULL,NULL]",2
47,veux encore un gâteau maman ? [media],"[CHI-Initiation:Information-seeking:fact-based,PAR-Response:No-response,NULL]","[CHI-Follow-up:Followup-question,CHI-Initiation:Information-seeking:fact-based,Complex-long]",1
47,veux encore un gâteau maman ? [media],"[NULL,NULL,NULL]","[NULL,NULL,NULL]",2
48,veux enc aïe ! [media],"[CHI-Follow-up:Otherwise,NULL,NULL]","[NULL,NULL,NULL]",1
48,veux enc aïe ! [media],"[NULL,NULL,NULL]","[NULL,NULL,NULL]",2
49,c'est rien c'est rien .,"[NULL,NULL,NULL]","[NULL,NULL,NULL]",1
49,c'est rien c'est rien .,"[NULL,NULL,NULL]","[NULL,NULL,NULL]",2
50,xxx ça c'est du chocolat . [media],"[NULL,NULL,NULL]","[NULL,NULL,NULL]",1
50,xxx ça c'est du chocolat . [media],"[NULL,NULL,NULL]","[NULL,NULL,NULL]",2
51,hum .,"[NULL,NULL,NULL]","[NULL,NULL,NULL]",1
51,hum .,"[NULL,NULL,NULL]","[NULL,NULL,NULL]",2
52,veux manger ? [media],"[CHI-Initiation:Information-seeking:fact-based,PAR-Response:No-response,NULL]","[CHI-Initiation:Information-seeking:fact-based,NULL,NULL]",1
52,veux manger ? [media],"[NULL,NULL,NULL]","[NULL,NULL,NULL]",2
53,tu veux manger ? [media],"[CHI-Follow-up:Re-ask-initial-question,CHI-Initiation:Information-seeking:fact-based,NULL]","[CHI-Initiation:Information-seeking:fact-based,NULL,NULL]",1
53,tu veux manger ? [media],"[NULL,NULL,NULL]","[NULL,NULL,NULL]",2
54,c'est un croissant ! [media],"[PAR-Response:Non-answer:declarative,NULL,NULL]","[PAR-Response:Non-answer:declarative,NULL,NULL]",1
54,c'est un croissant ! [media],"[NULL,NULL,NULL]","[NULL,NULL,NULL]",2
55,un croissant .,"[CHI-Follow-up:Repeat-answer,NULL,NULL]","[CHI-Follow-up:Repeat-answer,NULL,NULL]",1
55,un croissant .,"[NULL,NULL,NULL]","[NULL,NULL,NULL]",2
56,0. .,"[NULL,NULL,NULL]","[NULL,NULL,NULL]",1
56,0. .,"[NULL,NULL,NULL]","[NULL,NULL,NULL]",2
57,mange . [media],"[NULL,NULL,NULL]","[NULL,NULL,NULL]",1
57,mange . [media],"[NULL,NULL,NULL]","[NULL,NULL,NULL]",2
58,merci mmh mmh très bon . [media],"[NULL,NULL,NULL]","[NULL,NULL,NULL]",1
58,merci mmh mmh très bon . [media],"[NULL,NULL,NULL]","[NULL,NULL,NULL]",2
59,c'est toi qui l'a fais ? [media],"[NULL,NULL,NULL]","[NULL,NULL,NULL]",1
59,c'est toi qui l'a fais ? [media],"[NULL,NULL,NULL]","[NULL,NULL,NULL]",2
60,ou tu l'as acheté à la boulangerie ? [media],"[NULL,NULL,NULL]","[NULL,NULL,NULL]",1
60,ou tu l'as acheté à la boulangerie ? [media],"[NULL,NULL,NULL]","[NULL,NULL,NULL]",2
61,mmh ! [media],"[NULL,NULL,NULL]","[NULL,NULL,NULL]",1
61,mmh ! [media],"[NULL,NULL,NULL]","[NULL,NULL,NULL]",2
62,c'est bon le croissant . [media],"[NULL,NULL,NULL]","[NULL,NULL,NULL]",1
62,c'est bon le croissant . [media],"[NULL,NULL,NULL]","[NULL,NULL,NULL]",2
63,maman voir les lunettes à toi . [media],"[NULL,NULL,NULL]","[NULL,NULL,NULL]",1
63,maman voir les lunettes à toi . [media],"[NULL,NULL,NULL]","[NULL,NULL,NULL]",2
64,non non non tu me les donnes mes lunettes si_il_te_plaît . [media],"[NULL,NULL,NULL]","[NULL,NULL,NULL]",1
64,non non non tu me les donnes mes lunettes si_il_te_plaît . [media],"[NULL,NULL,NULL]","[NULL,NULL,NULL]",2
65,donne les à maman . il faut pas jouer avec . [media],"[NULL,NULL,NULL]","[NULL,NULL,NULL]",1
65,donne les à maman . il faut pas jouer avec . [media],"[NULL,NULL,NULL]","[NULL,NULL,NULL]",2
66,non . [media],"[NULL,NULL,NULL]","[NULL,NULL,NULL]",1
66,non . [media],"[NULL,NULL,NULL]","[NULL,NULL,NULL]",2
67,tu vois elles sont dedans . [media],"[NULL,NULL,NULL]","[NULL,NULL,NULL]",1
67,tu vois elles sont dedans . [media],"[NULL,NULL,NULL]","[NULL,NULL,NULL]",2
68,tu risques de les casser .,"[NULL,NULL,NULL]","[NULL,NULL,NULL]",1
68,tu risques de les casser .,"[NULL,NULL,NULL]","[NULL,NULL,NULL]",2
69,donne à maman .,"[NULL,NULL,NULL]","[NULL,NULL,NULL]",1
69,donne à maman .,"[NULL,NULL,NULL]","[NULL,NULL,NULL]",2
70,tu me donnes ? [media],"[NULL,NULL,NULL]","[NULL,NULL,NULL]",1
70,tu me donnes ? [media],"[NULL,NULL,NULL]","[NULL,NULL,NULL]",2
71,donne . [media],"[NULL,NULL,NULL]","[NULL,NULL,NULL]",1
71,donne . [media],"[NULL,NULL,NULL]","[NULL,NULL,NULL]",2
72,yyy . [media],"[NULL,NULL,NULL]","[NULL,NULL,NULL]",1
72,yyy . [media],"[NULL,NULL,NULL]","[NULL,NULL,NULL]",2
73,hop . [media],"[NULL,NULL,NULL]","[NULL,NULL,NULL]",1
73,hop . [media],"[NULL,NULL,NULL]","[NULL,NULL,NULL]",2
74,\<None\> \<None\> \<None\> . [media],"[NULL,NULL,NULL]","[NULL,NULL,NULL]",1
74,\<None\> \<None\> \<None\> . [media],"[NULL,NULL,NULL]","[NULL,NULL,NULL]",2
75,et regarde il y a ta poupée qui a faim là-bas elle a faim ta poupée .,"[NULL,NULL,NULL]","[NULL,NULL,NULL]",1
75,et regarde il y a ta poupée qui a faim là-bas elle a faim ta poupée .,"[NULL,NULL,NULL]","[NULL,NULL,NULL]",2
76,vite vite elle a faim ! [media],"[NULL,NULL,NULL]","[NULL,NULL,NULL]",1
76,vite vite elle a faim ! [media],"[NULL,NULL,NULL]","[NULL,NULL,NULL]",2
77,non c'est à moi ! [media],"[NULL,NULL,NULL]","[NULL,NULL,NULL]",1
77,non c'est à moi ! [media],"[NULL,NULL,NULL]","[NULL,NULL,NULL]",2
78,xxx . [media],"[NULL,NULL,NULL]","[NULL,NULL,NULL]",1
78,xxx . [media],"[NULL,NULL,NULL]","[NULL,NULL,NULL]",2
79,qu'est-c que c'est ? [media],"[NULL,NULL,NULL]","[NULL,NULL,NULL]",1
79,qu'est-c que c'est ? [media],"[NULL,NULL,NULL]","[NULL,NULL,NULL]",2
80,ukulélé . [media],"[NULL,NULL,NULL]","[NULL,NULL,NULL]",1
80,ukulélé . [media],"[NULL,NULL,NULL]","[NULL,NULL,NULL]",2
81,un ukulélé ?,"[NULL,NULL,NULL]","[NULL,NULL,NULL]",1
81,un ukulélé ?,"[NULL,NULL,NULL]","[NULL,NULL,NULL]",2
82,ukulélé Anaé . [media],"[NULL,NULL,NULL]","[NULL,NULL,NULL]",1
82,ukulélé Anaé . [media],"[NULL,NULL,NULL]","[NULL,NULL,NULL]",2
83,tu fais de la musique ? [media],"[NULL,NULL,NULL]","[NULL,NULL,NULL]",1
83,tu fais de la musique ? [media],"[NULL,NULL,NULL]","[NULL,NULL,NULL]",2
84,yyy . [media],"[NULL,NULL,NULL]","[NULL,NULL,NULL]",1
84,yyy . [media],"[NULL,NULL,NULL]","[NULL,NULL,NULL]",2
85,0. qu'est-ce que tu chantes comme chanson ?,"[NULL,NULL,NULL]","[NULL,NULL,NULL]",1
85,0. qu'est-ce que tu chantes comme chanson ?,"[NULL,NULL,NULL]","[NULL,NULL,NULL]",2
86,et ça c'est yyy . [media],"[NULL,NULL,NULL]","[NULL,NULL,NULL]",1
86,et ça c'est yyy . [media],"[NULL,NULL,NULL]","[NULL,NULL,NULL]",2
87,yyy ! [media],"[NULL,NULL,NULL]","[NULL,NULL,NULL]",1
87,yyy ! [media],"[NULL,NULL,NULL]","[NULL,NULL,NULL]",2
88,hum . [media],"[NULL,NULL,NULL]","[NULL,NULL,NULL]",1
88,hum . [media],"[NULL,NULL,NULL]","[NULL,NULL,NULL]",2
89,tu chantes le lion est mort ce soir ? [media],"[NULL,NULL,NULL]","[NULL,NULL,NULL]",1
89,tu chantes le lion est mort ce soir ? [media],"[NULL,NULL,NULL]","[NULL,NULL,NULL]",2
90,\<None\> \<None\> \<None\> \<None\> \<None\> \<None\> ! [media],"[NULL,NULL,NULL]","[NULL,NULL,NULL]",1
90,\<None\> \<None\> \<None\> \<None\> \<None\> \<None\> ! [media],"[NULL,NULL,NULL]","[NULL,NULL,NULL]",2
91,\<None\> \<None\> \<None\> \<None\> \<None\> \<None\> ! [media],"[NULL,NULL,NULL]","[NULL,NULL,NULL]",1
91,\<None\> \<None\> \<None\> \<None\> \<None\> \<None\> ! [media],"[NULL,NULL,NULL]","[NULL,NULL,NULL]",2
92,et les \<None\> ... [media],"[NULL,NULL,NULL]","[NULL,NULL,NULL]",1
92,et les \<None\> ... [media],"[NULL,NULL,NULL]","[NULL,NULL,NULL]",2
93,autres . [media],"[NULL,NULL,NULL]","[NULL,NULL,NULL]",1
93,autres . [media],"[NULL,NULL,NULL]","[NULL,NULL,NULL]",2
94,\<None\> \<None\> \<None\> . [media],"[NULL,NULL,NULL]","[NULL,NULL,NULL]",1
94,\<None\> \<None\> \<None\> . [media],"[NULL,NULL,NULL]","[NULL,NULL,NULL]",2
95,lion il dort . [media],"[NULL,NULL,NULL]","[NULL,NULL,NULL]",1
95,lion il dort . [media],"[NULL,NULL,NULL]","[NULL,NULL,NULL]",2
96,[quote] le \<interruption\>,"[NULL,NULL,NULL]","[NULL,NULL,NULL]",1
96,[quote] le \<interruption\>,"[NULL,NULL,NULL]","[NULL,NULL,NULL]",2
97,oui . [media],"[NULL,NULL,NULL]","[NULL,NULL,NULL]",1
97,oui . [media],"[NULL,NULL,NULL]","[NULL,NULL,NULL]",2
98,le lion \<None\> ... [media],"[NULL,NULL,NULL]","[NULL,NULL,NULL]",1
98,le lion \<None\> ... [media],"[NULL,NULL,NULL]","[NULL,NULL,NULL]",2
99,\<None\> \<None\> \<None\> . [media],"[NULL,NULL,NULL]","[NULL,NULL,NULL]",1
99,\<None\> \<None\> \<None\> . [media],"[NULL,NULL,NULL]","[NULL,NULL,NULL]",2
100,\<None\> \<None\> \<None\> ! [media],"[NULL,NULL,NULL]","[NULL,NULL,NULL]",1
100,\<None\> \<None\> \<None\> ! [media],"[NULL,NULL,NULL]","[NULL,NULL,NULL]",2
101,viens ma \<None\> ... [media],"[NULL,NULL,NULL]","[NULL,NULL,NULL]",1
101,viens ma \<None\> ... [media],"[NULL,NULL,NULL]","[NULL,NULL,NULL]",2
102,\<None\> \<None\> \<None\> . [media],"[NULL,NULL,NULL]","[NULL,NULL,NULL]",1
102,\<None\> \<None\> \<None\> . [media],"[NULL,NULL,NULL]","[NULL,NULL,NULL]",2
103,le \<None\> ... [media],"[NULL,NULL,NULL]","[NULL,NULL,NULL]",1
103,le \<None\> ... [media],"[NULL,NULL,NULL]","[NULL,NULL,NULL]",2
104,[quote] lion . [media],"[NULL,NULL,NULL]","[NULL,NULL,NULL]",1
104,[quote] lion . [media],"[NULL,NULL,NULL]","[NULL,NULL,NULL]",2
105,\<None\> \<None\> \<None\> . [media],"[NULL,NULL,NULL]","[NULL,NULL,NULL]",1
105,\<None\> \<None\> \<None\> . [media],"[NULL,NULL,NULL]","[NULL,NULL,NULL]",2
106,ce \<None\> ... [media],"[NULL,NULL,NULL]","[NULL,NULL,NULL]",1
106,ce \<None\> ... [media],"[NULL,NULL,NULL]","[NULL,NULL,NULL]",2
107,[quote] soir ! [media],"[NULL,NULL,NULL]","[NULL,NULL,NULL]",1
107,[quote] soir ! [media],"[NULL,NULL,NULL]","[NULL,NULL,NULL]",2
108,oh_wimbowe \<None\> ... [media],"[NULL,NULL,NULL]","[NULL,NULL,NULL]",1
108,oh_wimbowe \<None\> ... [media],"[NULL,NULL,NULL]","[NULL,NULL,NULL]",2
109,yyy . [media],"[NULL,NULL,NULL]","[NULL,NULL,NULL]",1
109,yyy . [media],"[NULL,NULL,NULL]","[NULL,NULL,NULL]",2
110,oh_wimbowe \<None\> . [media],"[NULL,NULL,NULL]","[NULL,NULL,NULL]",1
110,oh_wimbowe \<None\> . [media],"[NULL,NULL,NULL]","[NULL,NULL,NULL]",2
111,yyy . [media],"[NULL,NULL,NULL]","[NULL,NULL,NULL]",1
111,yyy . [media],"[NULL,NULL,NULL]","[NULL,NULL,NULL]",2
112,0. et qu'est-ce que tu connais d' autre ? [media],"[NULL,NULL,NULL]","[NULL,NULL,NULL]",1
112,0. et qu'est-ce que tu connais d' autre ? [media],"[NULL,NULL,NULL]","[NULL,NULL,NULL]",2
113,0. . [media],"[NULL,NULL,NULL]","[NULL,NULL,NULL]",1
113,0. . [media],"[NULL,NULL,NULL]","[NULL,NULL,NULL]",2
114,oh ! [media],"[NULL,NULL,NULL]","[NULL,NULL,NULL]",1
114,oh ! [media],"[NULL,NULL,NULL]","[NULL,NULL,NULL]",2
115,ouais ! [media],"[NULL,NULL,NULL]","[NULL,NULL,NULL]",1
115,ouais ! [media],"[NULL,NULL,NULL]","[NULL,NULL,NULL]",2
116,qu'est-ce que c'est ? [media],"[NULL,NULL,NULL]","[NULL,NULL,NULL]",1
116,qu'est-ce que c'est ? [media],"[NULL,NULL,NULL]","[NULL,NULL,NULL]",2
117,[quote] yyy .,"[NULL,NULL,NULL]","[NULL,NULL,NULL]",1
117,[quote] yyy .,"[NULL,NULL,NULL]","[NULL,NULL,NULL]",2
118,ça c'est a glace . [media],"[NULL,NULL,NULL]","[NULL,NULL,NULL]",1
118,ça c'est a glace . [media],"[NULL,NULL,NULL]","[NULL,NULL,NULL]",2
119,hum . [media],"[NULL,NULL,NULL]","[NULL,NULL,NULL]",1
119,hum . [media],"[NULL,NULL,NULL]","[NULL,NULL,NULL]",2
120,yyy la glace . [media],"[NULL,NULL,NULL]","[NULL,NULL,NULL]",1
120,yyy la glace . [media],"[NULL,NULL,NULL]","[NULL,NULL,NULL]",2
121,moi je suis la la fille ! [media],"[NULL,NULL,NULL]","[NULL,NULL,NULL]",1
121,moi je suis la la fille ! [media],"[NULL,NULL,NULL]","[NULL,NULL,NULL]",2
122,0. . [media],"[NULL,NULL,NULL]","[NULL,NULL,NULL]",1
122,0. . [media],"[NULL,NULL,NULL]","[NULL,NULL,NULL]",2
123,qu'est-ce que tu fais ? [media],"[NULL,NULL,NULL]","[NULL,NULL,NULL]",1
123,qu'est-ce que tu fais ? [media],"[NULL,NULL,NULL]","[NULL,NULL,NULL]",2
124,yyy . [media],"[NULL,NULL,NULL]","[NULL,NULL,NULL]",1
124,yyy . [media],"[NULL,NULL,NULL]","[NULL,NULL,NULL]",2
125,hum ? [media],"[NULL,NULL,NULL]","[NULL,NULL,NULL]",1
125,hum ? [media],"[NULL,NULL,NULL]","[NULL,NULL,NULL]",2
126,0. canard canard ! [media],"[NULL,NULL,NULL]","[NULL,NULL,NULL]",1
126,0. canard canard ! [media],"[NULL,NULL,NULL]","[NULL,NULL,NULL]",2
127,veux canard moi . [media],"[NULL,NULL,NULL]","[NULL,NULL,NULL]",1
127,veux canard moi . [media],"[NULL,NULL,NULL]","[NULL,NULL,NULL]",2
128,veux le canard . [media],"[NULL,NULL,NULL]","[NULL,NULL,NULL]",1
128,veux le canard . [media],"[NULL,NULL,NULL]","[NULL,NULL,NULL]",2
129,ə canard . [media],"[NULL,NULL,NULL]","[NULL,NULL,NULL]",1
129,ə canard . [media],"[NULL,NULL,NULL]","[NULL,NULL,NULL]",2
130,le canard canard ! [media],"[NULL,NULL,NULL]","[NULL,NULL,NULL]",1
130,le canard canard ! [media],"[NULL,NULL,NULL]","[NULL,NULL,NULL]",2
131,le canard le ca \<interruption\> [media],"[NULL,NULL,NULL]","[NULL,NULL,NULL]",1
131,le canard le ca \<interruption\> [media],"[NULL,NULL,NULL]","[NULL,NULL,NULL]",2
132,[quote] 0. .,"[NULL,NULL,NULL]","[NULL,NULL,NULL]",1
132,[quote] 0. .,"[NULL,NULL,NULL]","[NULL,NULL,NULL]",2
133,ça c'est le canard . [media],"[NULL,NULL,NULL]","[NULL,NULL,NULL]",1
133,ça c'est le canard . [media],"[NULL,NULL,NULL]","[NULL,NULL,NULL]",2
134,vroum vroum vroum vroum vroum vroum . [media],"[NULL,NULL,NULL]","[NULL,NULL,NULL]",1
134,vroum vroum vroum vroum vroum vroum . [media],"[NULL,NULL,NULL]","[NULL,NULL,NULL]",2
135,le canard il fait broumbroum ? [media],"[NULL,NULL,NULL]","[NULL,NULL,NULL]",1
135,le canard il fait broumbroum ? [media],"[NULL,NULL,NULL]","[NULL,NULL,NULL]",2
136,[quote] vroum .,"[NULL,NULL,NULL]","[NULL,NULL,NULL]",1
136,[quote] vroum .,"[NULL,NULL,NULL]","[NULL,NULL,NULL]",2
137,la voiture e fait vroum vroum . [media],"[NULL,NULL,NULL]","[NULL,NULL,NULL]",1
137,la voiture e fait vroum vroum . [media],"[NULL,NULL,NULL]","[NULL,NULL,NULL]",2
138,vroum vroum . [media],"[NULL,NULL,NULL]","[NULL,NULL,NULL]",1
138,vroum vroum . [media],"[NULL,NULL,NULL]","[NULL,NULL,NULL]",2
139,ça c'est le canard . [media],"[NULL,NULL,NULL]","[NULL,NULL,NULL]",1
139,ça c'est le canard . [media],"[NULL,NULL,NULL]","[NULL,NULL,NULL]",2
140,hum . [media],"[NULL,NULL,NULL]","[NULL,NULL,NULL]",1
140,hum . [media],"[NULL,NULL,NULL]","[NULL,NULL,NULL]",2
141,yyy yyy . [media],"[NULL,NULL,NULL]","[NULL,NULL,NULL]",1
141,yyy yyy . [media],"[NULL,NULL,NULL]","[NULL,NULL,NULL]",2
142,va où le yyy la la la le canard maman ? [media],"[CHI-Initiation:Information-seeking:fact-based,NULL,NULL]","[CHI-Initiation:Information-seeking:fact-based,NULL,NULL]",1
142,va où le yyy la la la le canard maman ? [media],"[NULL,NULL,NULL]","[NULL,NULL,NULL]",2
143,il va où tu veux tu le mets où tu veux . [media],"[PAR-Response:Answer:no-explanation-needed,NULL,NULL]","[PAR-Response:Answer:no-explanation-needed,NULL,NULL]",1
143,il va où tu veux tu le mets où tu veux . [media],"[NULL,NULL,NULL]","[NULL,NULL,NULL]",2
144,comme ça yyy avec ça maman ! [media],"[CHI-Follow-up:Own-explanation,NULL,NULL]","[CHI-Follow-up:Own-explanation,NULL,NULL]",1
144,comme ça yyy avec ça maman ! [media],"[NULL,NULL,NULL]","[NULL,NULL,NULL]",2
145,hum . [media],"[NULL,NULL,NULL]","[NULL,NULL,NULL]",1
145,hum . [media],"[NULL,NULL,NULL]","[NULL,NULL,NULL]",2
146,et ça va où ça ? [media],"[CHI-Initiation:Information-seeking:fact-based,PAR-Response:No-response,NULL]","[CHI-Initiation:Information-seeking:fact-based,NULL,NULL]",1
146,et ça va où ça ? [media],"[NULL,NULL,NULL]","[NULL,NULL,NULL]",2
147,ça va où ça maman ? [media],"[CHI-Follow-up:Re-ask-initial-question,CHI-Initiation:Information-seeking:fact-based,NULL]","[CHI-Initiation:Information-seeking:fact-based,NULL,NULL]",1
147,ça va où ça maman ? [media],"[NULL,NULL,NULL]","[NULL,NULL,NULL]",2
148,où tu veux . [media],"[PAR-Response:Answer:no-explanation-needed,NULL,NULL]","[PAR-Response:Answer:no-explanation-needed,NULL,NULL]",1
148,où tu veux . [media],"[NULL,NULL,NULL]","[NULL,NULL,NULL]",2
149,ça ? [media],"[CHI-Follow-up:Followup-question,CHI-Initiation:Information-seeking:fact-based,PAR-Response:No-response]","[CHI-Follow-up:Followup-question,CHI-Initiation:Information-seeking:fact-based,No-response+No-follow-up]",1
149,ça ? [media],"[NULL,NULL,NULL]","[NULL,NULL,NULL]",2
150,yyy . [media],"[CHI-Follow-up:Otherwise,NULL,NULL]","[NULL,NULL,NULL]",1
150,yyy . [media],"[NULL,NULL,NULL]","[NULL,NULL,NULL]",2
151,yyy . [media],"[NULL,NULL,NULL]","[NULL,NULL,NULL]",1
151,yyy . [media],"[NULL,NULL,NULL]","[NULL,NULL,NULL]",2
152,0. . [media],"[NULL,NULL,NULL]","[NULL,NULL,NULL]",1
152,0. . [media],"[NULL,NULL,NULL]","[NULL,NULL,NULL]",2
153,alors c'était comment la piscine Anaé ? [media],"[NULL,NULL,NULL]","[NULL,NULL,NULL]",1
153,alors c'était comment la piscine Anaé ? [media],"[NULL,NULL,NULL]","[NULL,NULL,NULL]",2
154,qu'est-ce qu'on a fait à la piscine ? [media],"[NULL,NULL,NULL]","[NULL,NULL,NULL]",1
154,qu'est-ce qu'on a fait à la piscine ? [media],"[NULL,NULL,NULL]","[NULL,NULL,NULL]",2
155,regarde . [media],"[NULL,NULL,NULL]","[NULL,NULL,NULL]",1
155,regarde . [media],"[NULL,NULL,NULL]","[NULL,NULL,NULL]",2
156,oh ! [media],"[NULL,NULL,NULL]","[NULL,NULL,NULL]",1
156,oh ! [media],"[NULL,NULL,NULL]","[NULL,NULL,NULL]",2
157,0. . [media],"[NULL,NULL,NULL]","[NULL,NULL,NULL]",1
157,0. . [media],"[NULL,NULL,NULL]","[NULL,NULL,NULL]",2
158,qu'est-ce qu'on a fait à la piscine ? [media],"[NULL,NULL,NULL]","[NULL,NULL,NULL]",1
158,qu'est-ce qu'on a fait à la piscine ? [media],"[NULL,NULL,NULL]","[NULL,NULL,NULL]",2
159,nager . [media],"[NULL,NULL,NULL]","[NULL,NULL,NULL]",1
159,nager . [media],"[NULL,NULL,NULL]","[NULL,NULL,NULL]",2
160,sauter Anaé . [media],"[NULL,NULL,NULL]","[NULL,NULL,NULL]",1
160,sauter Anaé . [media],"[NULL,NULL,NULL]","[NULL,NULL,NULL]",2
161,sauter Anaé ! [media],"[NULL,NULL,NULL]","[NULL,NULL,NULL]",1
161,sauter Anaé ! [media],"[NULL,NULL,NULL]","[NULL,NULL,NULL]",2
162,Anaé elle a sauté dans l'eau ? [media],"[NULL,NULL,NULL]","[NULL,NULL,NULL]",1
162,Anaé elle a sauté dans l'eau ? [media],"[NULL,NULL,NULL]","[NULL,NULL,NULL]",2
163,ouais . [media],"[NULL,NULL,NULL]","[NULL,NULL,NULL]",1
163,ouais . [media],"[NULL,NULL,NULL]","[NULL,NULL,NULL]",2
164,et alors qu'est-ce qui s'est passé quand tu as sauté dans l'eau ? [media],"[NULL,NULL,NULL]","[NULL,NULL,NULL]",1
164,et alors qu'est-ce qui s'est passé quand tu as sauté dans l'eau ? [media],"[NULL,NULL,NULL]","[NULL,NULL,NULL]",2
165,se bois le café . [media],"[NULL,NULL,NULL]","[NULL,NULL,NULL]",1
165,se bois le café . [media],"[NULL,NULL,NULL]","[NULL,NULL,NULL]",2
166,0. tu as bu la tasse ? [media],"[NULL,NULL,NULL]","[NULL,NULL,NULL]",1
166,0. tu as bu la tasse ? [media],"[NULL,NULL,NULL]","[NULL,NULL,NULL]",2
167,j'ai bu la tasse . [media],"[NULL,NULL,NULL]","[NULL,NULL,NULL]",1
167,j'ai bu la tasse . [media],"[NULL,NULL,NULL]","[NULL,NULL,NULL]",2
168,0. . [media],"[NULL,NULL,NULL]","[NULL,NULL,NULL]",1
168,0. . [media],"[NULL,NULL,NULL]","[NULL,NULL,NULL]",2
169,bu la tasse . [media],"[NULL,NULL,NULL]","[NULL,NULL,NULL]",1
169,bu la tasse . [media],"[NULL,NULL,NULL]","[NULL,NULL,NULL]",2
170,et c'est comment quand on boit la tasse ? [media],"[NULL,NULL,NULL]","[NULL,NULL,NULL]",1
170,et c'est comment quand on boit la tasse ? [media],"[NULL,NULL,NULL]","[NULL,NULL,NULL]",2
171,[quote] regarde .,"[NULL,NULL,NULL]","[NULL,NULL,NULL]",1
171,[quote] regarde .,"[NULL,NULL,NULL]","[NULL,NULL,NULL]",2
172,oh très beau Anaé très joli . [media],"[NULL,NULL,NULL]","[NULL,NULL,NULL]",1
172,oh très beau Anaé très joli . [media],"[NULL,NULL,NULL]","[NULL,NULL,NULL]",2
173,et le coeur ? [media],"[CHI-Initiation:Non-information-seeking,NULL,NULL]","[CHI-Initiation:Information-seeking:fact-based,NULL,NULL]",1
173,et le coeur ? [media],"[NULL,NULL,NULL]","[NULL,NULL,NULL]",2
174,oh . [media],"[NULL,NULL,NULL]","[NULL,NULL,NULL]",1
174,oh . [media],"[NULL,NULL,NULL]","[NULL,NULL,NULL]",2
175,c'est un tatouage ? [media],"[NULL,NULL,NULL]","[PAR-Response:Non-answer:interrogative,NULL,NULL]",1
175,c'est un tatouage ? [media],"[NULL,NULL,NULL]","[NULL,NULL,NULL]",2
176,non c'est la coeur . [media],"[NULL,NULL,NULL]","[CHI-Follow-up:Own-explanation,NULL,NULL]",1
176,non c'est la coeur . [media],"[NULL,NULL,NULL]","[NULL,NULL,NULL]",2
177,ah bon . [media],"[NULL,NULL,NULL]","[NULL,NULL,NULL]",1
177,ah bon . [media],"[NULL,NULL,NULL]","[NULL,NULL,NULL]",2
178,\<None\> \<None\> du coeur . [media],"[NULL,NULL,NULL]","[NULL,NULL,NULL]",1
178,\<None\> \<None\> du coeur . [media],"[NULL,NULL,NULL]","[NULL,NULL,NULL]",2
179,et euh l'autre jour on est allé à l'anniversaire d' Agathe ? [media],"[NULL,NULL,NULL]","[NULL,NULL,NULL]",1
179,et euh l'autre jour on est allé à l'anniversaire d' Agathe ? [media],"[NULL,NULL,NULL]","[NULL,NULL,NULL]",2
180,0. . [media],"[NULL,NULL,NULL]","[NULL,NULL,NULL]",1
180,0. . [media],"[NULL,NULL,NULL]","[NULL,NULL,NULL]",2
181,Anaé ? [media],"[NULL,NULL,NULL]","[NULL,NULL,NULL]",1
181,Anaé ? [media],"[NULL,NULL,NULL]","[NULL,NULL,NULL]",2
182,quoi ? [media],"[CHI-Initiation:Information-seeking:fact-based,NULL,NULL]","[CHI-Initiation:Information-seeking:fact-based,NULL,NULL]",1
182,quoi ? [media],"[NULL,NULL,NULL]","[NULL,NULL,NULL]",2
183,qu'est-ce qu'elle a eu Agathe à son anniversaire ? [media],"[PAR-Response:Non-answer:interrogative,NULL,NULL]","[PAR-Response:Non-answer:interrogative,NULL,NULL]",1
183,qu'est-ce qu'elle a eu Agathe à son anniversaire ? [media],"[NULL,NULL,NULL]","[NULL,NULL,NULL]",2
184,des playmobils . [media],"[CHI-Follow-up:Own-explanation,NULL,NULL]","[CHI-Follow-up:Otherwise,NULL,NULL]",1
184,des playmobils . [media],"[NULL,NULL,NULL]","[NULL,NULL,NULL]",2
185,des playmobils et puis quoi d' autre ? [media],"[NULL,NULL,NULL]","[NULL,NULL,NULL]",1
185,des playmobils et puis quoi d' autre ? [media],"[NULL,NULL,NULL]","[NULL,NULL,NULL]",2
186,encore un cadeau . [media],"[NULL,NULL,NULL]","[NULL,NULL,NULL]",1
186,encore un cadeau . [media],"[NULL,NULL,NULL]","[NULL,NULL,NULL]",2
187,hum . [media],"[NULL,NULL,NULL]","[NULL,NULL,NULL]",1
187,hum . [media],"[NULL,NULL,NULL]","[NULL,NULL,NULL]",2
188,yyy un cadeau . [media],"[NULL,NULL,NULL]","[NULL,NULL,NULL]",1
188,yyy un cadeau . [media],"[NULL,NULL,NULL]","[NULL,NULL,NULL]",2
189,un cadeau de quoi ? [media],"[NULL,NULL,NULL]","[NULL,NULL,NULL]",1
189,un cadeau de quoi ? [media],"[NULL,NULL,NULL]","[NULL,NULL,NULL]",2
190,un yyy . [media],"[NULL,NULL,NULL]","[NULL,NULL,NULL]",1
190,un yyy . [media],"[NULL,NULL,NULL]","[NULL,NULL,NULL]",2
191,une ? [media],"[NULL,NULL,NULL]","[NULL,NULL,NULL]",1
191,une ? [media],"[NULL,NULL,NULL]","[NULL,NULL,NULL]",2
192,yyy .,"[NULL,NULL,NULL]","[NULL,NULL,NULL]",1
192,yyy .,"[NULL,NULL,NULL]","[NULL,NULL,NULL]",2
193,un gros ? [media],"[NULL,NULL,NULL]","[NULL,NULL,NULL]",1
193,un gros ? [media],"[NULL,NULL,NULL]","[NULL,NULL,NULL]",2
194,et c'était quoi dedans ? [media],"[NULL,NULL,NULL]","[NULL,NULL,NULL]",1
194,et c'était quoi dedans ? [media],"[NULL,NULL,NULL]","[NULL,NULL,NULL]",2
195,des playmobils . [media],"[NULL,NULL,NULL]","[NULL,NULL,NULL]",1
195,des playmobils . [media],"[NULL,NULL,NULL]","[NULL,NULL,NULL]",2
196,et des playmobils de quoi ? [media],"[NULL,NULL,NULL]","[NULL,NULL,NULL]",1
196,et des playmobils de quoi ? [media],"[NULL,NULL,NULL]","[NULL,NULL,NULL]",2
197,regarde . [media],"[NULL,NULL,NULL]","[NULL,NULL,NULL]",1
197,regarde . [media],"[NULL,NULL,NULL]","[NULL,NULL,NULL]",2
198,0. oh c'est beau hein ! [media],"[NULL,NULL,NULL]","[NULL,NULL,NULL]",1
198,0. oh c'est beau hein ! [media],"[NULL,NULL,NULL]","[NULL,NULL,NULL]",2
199,yyy . [media],"[NULL,NULL,NULL]","[NULL,NULL,NULL]",1
199,yyy . [media],"[NULL,NULL,NULL]","[NULL,NULL,NULL]",2
200,c'est une bague ? [media],"[NULL,NULL,NULL]","[NULL,NULL,NULL]",1
200,c'est une bague ? [media],"[NULL,NULL,NULL]","[NULL,NULL,NULL]",2
201,0. . [media],"[NULL,NULL,NULL]","[NULL,NULL,NULL]",1
201,0. . [media],"[NULL,NULL,NULL]","[NULL,NULL,NULL]",2
202,oh ! [media],"[NULL,NULL,NULL]","[NULL,NULL,NULL]",1
202,oh ! [media],"[NULL,NULL,NULL]","[NULL,NULL,NULL]",2
203,et qu'est-ce qu' y a dans la cage dans la nouvelle maison d' Agathe ? [media],"[NULL,NULL,NULL]","[NULL,NULL,NULL]",1
203,et qu'est-ce qu' y a dans la cage dans la nouvelle maison d' Agathe ? [media],"[NULL,NULL,NULL]","[NULL,NULL,NULL]",2
204,qu'est-ce qu'elle a comme animal Agathe ? [media],"[NULL,NULL,NULL]","[NULL,NULL,NULL]",1
204,qu'est-ce qu'elle a comme animal Agathe ? [media],"[NULL,NULL,NULL]","[NULL,NULL,NULL]",2
205,a un chat . [media],"[NULL,NULL,NULL]","[NULL,NULL,NULL]",1
205,a un chat . [media],"[NULL,NULL,NULL]","[NULL,NULL,NULL]",2
206,non . [media],"[NULL,NULL,NULL]","[NULL,NULL,NULL]",1
206,non . [media],"[NULL,NULL,NULL]","[NULL,NULL,NULL]",2
207,qu'est-ce que c'était dans la cage ? [media],"[NULL,NULL,NULL]","[NULL,NULL,NULL]",1
207,qu'est-ce que c'était dans la cage ? [media],"[NULL,NULL,NULL]","[NULL,NULL,NULL]",2
208,un la ... [media],"[NULL,NULL,NULL]","[NULL,NULL,NULL]",1
208,un la ... [media],"[NULL,NULL,NULL]","[NULL,NULL,NULL]",2
209,un lapin . [media],"[NULL,NULL,NULL]","[NULL,NULL,NULL]",1
209,un lapin . [media],"[NULL,NULL,NULL]","[NULL,NULL,NULL]",2
210,et comment il s'appelle son petit lapin ? [media],"[NULL,NULL,NULL]","[NULL,NULL,NULL]",1
210,et comment il s'appelle son petit lapin ? [media],"[NULL,NULL,NULL]","[NULL,NULL,NULL]",2
211,tu te rappelles ? [media],"[NULL,NULL,NULL]","[NULL,NULL,NULL]",1
211,tu te rappelles ? [media],"[NULL,NULL,NULL]","[NULL,NULL,NULL]",2
212,[quote] 0. .,"[NULL,NULL,NULL]","[NULL,NULL,NULL]",1
212,[quote] 0. .,"[NULL,NULL,NULL]","[NULL,NULL,NULL]",2
213,c'est quoi ? [media],"[CHI-Initiation:Information-seeking:fact-based,NULL,NULL]","[CHI-Initiation:Information-seeking:fact-based,NULL,NULL]",1
213,c'est quoi ? [media],"[NULL,NULL,NULL]","[NULL,NULL,NULL]",2
214,Pé ... [media],"[PAR-Response:Non-answer:interrogative,NULL,NULL]","[PAR-Response:Non-answer:interrogative,NULL,NULL]",1
214,Pé ... [media],"[NULL,NULL,NULL]","[NULL,NULL,NULL]",2
215,Pé .,"[CHI-Follow-up:Followup-question,CHI-Initiation:Information-seeking:fact-based,NULL]","[CHI-Follow-up:Repeat-answer,NULL,NULL]",1
215,Pé .,"[NULL,NULL,NULL]","[NULL,NULL,NULL]",2
216,Pépi ...,"[PAR-Response:Non-answer:interrogative,NULL,NULL]","[NULL,NULL,NULL]",1
216,Pépi ...,"[NULL,NULL,NULL]","[NULL,NULL,NULL]",2
217,Pépito ! [media],"[CHI-Follow-up:Own-explanation,NULL,NULL]","[NULL,NULL,NULL]",1
217,Pépito ! [media],"[NULL,NULL,NULL]","[NULL,NULL,NULL]",2
218,oui très bien ! [media],"[NULL,NULL,NULL]","[NULL,NULL,NULL]",1
218,oui très bien ! [media],"[NULL,NULL,NULL]","[NULL,NULL,NULL]",2
219,et est-ce qu'il est mignon Pépito ? [media],"[NULL,NULL,NULL]","[NULL,NULL,NULL]",1
219,et est-ce qu'il est mignon Pépito ? [media],"[NULL,NULL,NULL]","[NULL,NULL,NULL]",2
220,oui . [media],"[NULL,NULL,NULL]","[NULL,NULL,NULL]",1
220,oui . [media],"[NULL,NULL,NULL]","[NULL,NULL,NULL]",2
221,tu l'as caressé ? [media],"[NULL,NULL,NULL]","[NULL,NULL,NULL]",1
221,tu l'as caressé ? [media],"[NULL,NULL,NULL]","[NULL,NULL,NULL]",2
222,ouais . [media],"[NULL,NULL,NULL]","[NULL,NULL,NULL]",1
222,ouais . [media],"[NULL,NULL,NULL]","[NULL,NULL,NULL]",2
223,ouais ? [media],"[NULL,NULL,NULL]","[NULL,NULL,NULL]",1
223,ouais ? [media],"[NULL,NULL,NULL]","[NULL,NULL,NULL]",2
224,ouais . [media],"[NULL,NULL,NULL]","[NULL,NULL,NULL]",1
224,ouais . [media],"[NULL,NULL,NULL]","[NULL,NULL,NULL]",2
225,et pendant les vacances toi tu as fait du poney ? [media],"[NULL,NULL,NULL]","[NULL,NULL,NULL]",1
225,et pendant les vacances toi tu as fait du poney ? [media],"[NULL,NULL,NULL]","[NULL,NULL,NULL]",2
226,comment on fait le poney ? [media],"[NULL,NULL,NULL]","[NULL,NULL,NULL]",1
226,comment on fait le poney ? [media],"[NULL,NULL,NULL]","[NULL,NULL,NULL]",2
227,hue hue hue hue . [media],"[NULL,NULL,NULL]","[NULL,NULL,NULL]",1
227,hue hue hue hue . [media],"[NULL,NULL,NULL]","[NULL,NULL,NULL]",2
228,[quote] 0. .,"[NULL,NULL,NULL]","[NULL,NULL,NULL]",1
228,[quote] 0. .,"[NULL,NULL,NULL]","[NULL,NULL,NULL]",2
229,où est-ce qu'on monte ? [media],"[NULL,NULL,NULL]","[NULL,NULL,NULL]",1
229,où est-ce qu'on monte ? [media],"[NULL,NULL,NULL]","[NULL,NULL,NULL]",2
230,quoi ? [media],"[CHI-Initiation:Information-seeking:fact-based,NULL,NULL]","[CHI-Initiation:Information-seeking:fact-based,NULL,NULL]",1
230,quoi ? [media],"[NULL,NULL,NULL]","[NULL,NULL,NULL]",2
231,où est-ce que tu montes sur le poney ? [media],"[PAR-Response:Non-answer:interrogative,NULL,NULL]","[PAR-Response:Non-answer:interrogative,NULL,NULL]",1
231,où est-ce que tu montes sur le poney ? [media],"[NULL,NULL,NULL]","[NULL,NULL,NULL]",2
232,cacao ! [media],"[CHI-Follow-up:Otherwise,NULL,NULL]","[CHI-Follow-up:Otherwise,NULL,NULL]",1
232,cacao ! [media],"[NULL,NULL,NULL]","[NULL,NULL,NULL]",2
233,oui il s'appelait Cacao ton poney ouais . [media],"[NULL,NULL,NULL]","[NULL,NULL,NULL]",1
233,oui il s'appelait Cacao ton poney ouais . [media],"[NULL,NULL,NULL]","[NULL,NULL,NULL]",2
234,Il était gentil ? [media],"[NULL,NULL,NULL]","[NULL,NULL,NULL]",1
234,Il était gentil ? [media],"[NULL,NULL,NULL]","[NULL,NULL,NULL]",2
235,ouais . [media],"[NULL,NULL,NULL]","[NULL,NULL,NULL]",1
235,ouais . [media],"[NULL,NULL,NULL]","[NULL,NULL,NULL]",2
236,tu lui as fait des caresses ? [media],"[NULL,NULL,NULL]","[NULL,NULL,NULL]",1
236,tu lui as fait des caresses ? [media],"[NULL,NULL,NULL]","[NULL,NULL,NULL]",2
237,ouais . [media],"[NULL,NULL,NULL]","[NULL,NULL,NULL]",1
237,ouais . [media],"[NULL,NULL,NULL]","[NULL,NULL,NULL]",2
238,où ça ? [media],"[NULL,NULL,NULL]","[NULL,NULL,NULL]",1
238,où ça ? [media],"[NULL,NULL,NULL]","[NULL,NULL,NULL]",2
239,à boire ! [media],"[NULL,NULL,NULL]","[NULL,NULL,NULL]",1
239,à boire ! [media],"[NULL,NULL,NULL]","[NULL,NULL,NULL]",2
240,hein ? [media],"[NULL,NULL,NULL]","[NULL,NULL,NULL]",1
240,hein ? [media],"[NULL,NULL,NULL]","[NULL,NULL,NULL]",2
241,yyy . [media],"[NULL,NULL,NULL]","[NULL,NULL,NULL]",1
241,yyy . [media],"[NULL,NULL,NULL]","[NULL,NULL,NULL]",2
242,à boire ? [media],"[NULL,NULL,NULL]","[NULL,NULL,NULL]",1
242,à boire ? [media],"[NULL,NULL,NULL]","[NULL,NULL,NULL]",2
243,à boire ? [media],"[NULL,NULL,NULL]","[NULL,NULL,NULL]",1
243,à boire ? [media],"[NULL,NULL,NULL]","[NULL,NULL,NULL]",2
244,c'est ça q tu dis ? [media],"[NULL,NULL,NULL]","[NULL,NULL,NULL]",1
244,c'est ça q tu dis ? [media],"[NULL,NULL,NULL]","[NULL,NULL,NULL]",2
245,à boire ? [media],"[NULL,NULL,NULL]","[NULL,NULL,NULL]",1
245,à boire ? [media],"[NULL,NULL,NULL]","[NULL,NULL,NULL]",2
246,regarde ! [media],"[NULL,NULL,NULL]","[NULL,NULL,NULL]",1
246,regarde ! [media],"[NULL,NULL,NULL]","[NULL,NULL,NULL]",2
247,qu'est-ce que c'est ? [media],"[NULL,NULL,NULL]","[NULL,NULL,NULL]",1
247,qu'est-ce que c'est ? [media],"[NULL,NULL,NULL]","[NULL,NULL,NULL]",2
248,regarde maman ! [media],"[NULL,NULL,NULL]","[NULL,NULL,NULL]",1
248,regarde maman ! [media],"[NULL,NULL,NULL]","[NULL,NULL,NULL]",2
249,qu'est-ce que c'est ? [media],"[NULL,NULL,NULL]","[NULL,NULL,NULL]",1
249,qu'est-ce que c'est ? [media],"[NULL,NULL,NULL]","[NULL,NULL,NULL]",2
250,c'est un café ! [media],"[NULL,NULL,NULL]","[NULL,NULL,NULL]",1
250,c'est un café ! [media],"[NULL,NULL,NULL]","[NULL,NULL,NULL]",2
251,fais voir ! [media],"[NULL,NULL,NULL]","[NULL,NULL,NULL]",1
251,fais voir ! [media],"[NULL,NULL,NULL]","[NULL,NULL,NULL]",2
252,là ! [media],"[NULL,NULL,NULL]","[NULL,NULL,NULL]",1
252,là ! [media],"[NULL,NULL,NULL]","[NULL,NULL,NULL]",2
253,ah oui c'est une tasse . [media],"[NULL,NULL,NULL]","[NULL,NULL,NULL]",1
253,ah oui c'est une tasse . [media],"[NULL,NULL,NULL]","[NULL,NULL,NULL]",2
254,c'est joli hein . [media],"[NULL,NULL,NULL]","[NULL,NULL,NULL]",1
254,c'est joli hein . [media],"[NULL,NULL,NULL]","[NULL,NULL,NULL]",2
255,tu l'as eu où ce livre ? [media],"[NULL,NULL,NULL]","[NULL,NULL,NULL]",1
255,tu l'as eu où ce livre ? [media],"[NULL,NULL,NULL]","[NULL,NULL,NULL]",2
256,l'est là . [media],"[NULL,NULL,NULL]","[NULL,NULL,NULL]",1
256,l'est là . [media],"[NULL,NULL,NULL]","[NULL,NULL,NULL]",2
257,ouais mais où est-ce que tu l'as eu ? [media],"[NULL,NULL,NULL]","[NULL,NULL,NULL]",1
257,ouais mais où est-ce que tu l'as eu ? [media],"[NULL,NULL,NULL]","[NULL,NULL,NULL]",2
258,là . [media],"[NULL,NULL,NULL]","[NULL,NULL,NULL]",1
258,là . [media],"[NULL,NULL,NULL]","[NULL,NULL,NULL]",2
259,qui est-ce qui te l'a donné ? [media],"[NULL,NULL,NULL]","[NULL,NULL,NULL]",1
259,qui est-ce qui te l'a donné ? [media],"[NULL,NULL,NULL]","[NULL,NULL,NULL]",2
260,c'est papa . [media],"[NULL,NULL,NULL]","[NULL,NULL,NULL]",1
260,c'est papa . [media],"[NULL,NULL,NULL]","[NULL,NULL,NULL]",2
261,ah bon ? [media],"[NULL,NULL,NULL]","[NULL,NULL,NULL]",1
261,ah bon ? [media],"[NULL,NULL,NULL]","[NULL,NULL,NULL]",2
262,quand on était où ? [media],"[NULL,NULL,NULL]","[NULL,NULL,NULL]",1
262,quand on était où ? [media],"[NULL,NULL,NULL]","[NULL,NULL,NULL]",2
263,quoi ? [media],"[CHI-Initiation:Information-seeking:fact-based,NULL,NULL]","[CHI-Initiation:Information-seeking:fact-based,NULL,NULL]",1
263,quoi ? [media],"[NULL,NULL,NULL]","[NULL,NULL,NULL]",2
264,au magasin ? [media],"[PAR-Response:Non-answer:interrogative,NULL,NULL]","[PAR-Response:Non-answer:interrogative,NULL,NULL]",1
264,au magasin ? [media],"[NULL,NULL,NULL]","[NULL,NULL,NULL]",2
265,quoi ? [media],"[CHI-Follow-up:Re-ask-initial-question,CHI-Initiation:Information-seeking:fact-based,NULL]","[CHI-Follow-up:Re-ask-initial-question,CHI-Initiation:Information-seeking:fact-based,NULL]",1
265,quoi ? [media],"[NULL,NULL,NULL]","[NULL,NULL,NULL]",2
266,il te l'a donné au magasin ? [media],"[PAR-Response:Non-answer:interrogative,NULL,NULL]","[PAR-Response:Non-answer:interrogative,NULL,NULL]",1
266,il te l'a donné au magasin ? [media],"[NULL,NULL,NULL]","[NULL,NULL,NULL]",2
267,ouais . [media],"[CHI-Follow-up:Signal-agreement,NULL,NULL]","[CHI-Follow-up:Otherwise,NULL,NULL]",1
267,ouais . [media],"[NULL,NULL,NULL]","[NULL,NULL,NULL]",2
268,regarde ! [media],"[NULL,NULL,NULL]","[NULL,NULL,NULL]",1
268,regarde ! [media],"[NULL,NULL,NULL]","[NULL,NULL,NULL]",2
269,qu'est-ce que c'est ? [media],"[NULL,NULL,NULL]","[NULL,NULL,NULL]",1
269,qu'est-ce que c'est ? [media],"[NULL,NULL,NULL]","[NULL,NULL,NULL]",2
270,[quote] 0. .,"[NULL,NULL,NULL]","[NULL,NULL,NULL]",1
270,[quote] 0. .,"[NULL,NULL,NULL]","[NULL,NULL,NULL]",2
271,c'est un gâteau . [media],"[NULL,NULL,NULL]","[NULL,NULL,NULL]",1
271,c'est un gâteau . [media],"[NULL,NULL,NULL]","[NULL,NULL,NULL]",2
272,un gâteau ? [media],"[NULL,NULL,NULL]","[NULL,NULL,NULL]",1
272,un gâteau ? [media],"[NULL,NULL,NULL]","[NULL,NULL,NULL]",2
273,ouais . [media],"[NULL,NULL,NULL]","[NULL,NULL,NULL]",1
273,ouais . [media],"[NULL,NULL,NULL]","[NULL,NULL,NULL]",2
274,un gâteau euh d' anniversaire ? [media],"[NULL,NULL,NULL]","[NULL,NULL,NULL]",1
274,un gâteau euh d' anniversaire ? [media],"[NULL,NULL,NULL]","[NULL,NULL,NULL]",2
275,oh c'est un bobo . [media],"[NULL,NULL,NULL]","[NULL,NULL,NULL]",1
275,oh c'est un bobo . [media],"[NULL,NULL,NULL]","[NULL,NULL,NULL]",2
276,peux mettre un yyy ? [media],"[CHI-Initiation:Information-seeking:fact-based,NULL,NULL]","[CHI-Initiation:Information-seeking:fact-based,NULL,NULL]",1
276,peux mettre un yyy ? [media],"[NULL,NULL,NULL]","[NULL,NULL,NULL]",2
277,non on mettra un pansement après la douche d'accord ? [media],"[PAR-Response:Non-answer:interrogative,NULL,NULL]","[PAR-Response:Answer:with-explanation-high-quality,NULL,NULL]",1
277,non on mettra un pansement après la douche d'accord ? [media],"[NULL,NULL,NULL]","[NULL,NULL,NULL]",2
278,va mettre un collant . [media],"[CHI-Follow-up:Otherwise,NULL,NULL]","[CHI-Follow-up:Own-explanation,NULL,NULL]",1
278,va mettre un collant . [media],"[NULL,NULL,NULL]","[NULL,NULL,NULL]",2
279,tu vas mettre un autocollant ? [media],"[NULL,NULL,NULL]","[NULL,NULL,NULL]",1
279,tu vas mettre un autocollant ? [media],"[NULL,NULL,NULL]","[NULL,NULL,NULL]",2
280,0. . [media],"[NULL,NULL,NULL]","[NULL,NULL,NULL]",1
280,0. . [media],"[NULL,NULL,NULL]","[NULL,NULL,NULL]",2
281,[quote] sur le bobo ?,"[NULL,NULL,NULL]","[NULL,NULL,NULL]",1
281,[quote] sur le bobo ?,"[NULL,NULL,NULL]","[NULL,NULL,NULL]",2
282,0. . [media],"[NULL,NULL,NULL]","[NULL,NULL,NULL]",1
282,0. . [media],"[NULL,NULL,NULL]","[NULL,NULL,NULL]",2
283,d'accord . [media],"[NULL,NULL,NULL]","[NULL,NULL,NULL]",1
283,d'accord . [media],"[NULL,NULL,NULL]","[NULL,NULL,NULL]",2
284,et où est-ce que t as un bobo aussi ? [media],"[NULL,NULL,NULL]","[NULL,NULL,NULL]",1
284,et où est-ce que t as un bobo aussi ? [media],"[NULL,NULL,NULL]","[NULL,NULL,NULL]",2
285,sur le nez ? [media],"[NULL,NULL,NULL]","[NULL,NULL,NULL]",1
285,sur le nez ? [media],"[NULL,NULL,NULL]","[NULL,NULL,NULL]",2
286,sur la bouche ? [media],"[NULL,NULL,NULL]","[NULL,NULL,NULL]",1
286,sur la bouche ? [media],"[NULL,NULL,NULL]","[NULL,NULL,NULL]",2
287,là . [media],"[NULL,NULL,NULL]","[NULL,NULL,NULL]",1
287,là . [media],"[NULL,NULL,NULL]","[NULL,NULL,NULL]",2
288,qu'est-ce que tu t'es fait ? [media],"[NULL,NULL,NULL]","[NULL,NULL,NULL]",1
288,qu'est-ce que tu t'es fait ? [media],"[NULL,NULL,NULL]","[NULL,NULL,NULL]",2
289,un bobo . [media],"[NULL,NULL,NULL]","[NULL,NULL,NULL]",1
289,un bobo . [media],"[NULL,NULL,NULL]","[NULL,NULL,NULL]",2
290,comment tu as fait pour te faire bobo ? [media],"[NULL,NULL,NULL]","[NULL,NULL,NULL]",1
290,comment tu as fait pour te faire bobo ? [media],"[NULL,NULL,NULL]","[NULL,NULL,NULL]",2
291,au nez . [media],"[NULL,NULL,NULL]","[NULL,NULL,NULL]",1
291,au nez . [media],"[NULL,NULL,NULL]","[NULL,NULL,NULL]",2
292,tu es tombée ? [media],"[NULL,NULL,NULL]","[NULL,NULL,NULL]",1
292,tu es tombée ? [media],"[NULL,NULL,NULL]","[NULL,NULL,NULL]",2
293,c'est un bobo là . [media],"[NULL,NULL,NULL]","[NULL,NULL,NULL]",1
293,c'est un bobo là . [media],"[NULL,NULL,NULL]","[NULL,NULL,NULL]",2
294,hum hum . [media],"[NULL,NULL,NULL]","[NULL,NULL,NULL]",1
294,hum hum . [media],"[NULL,NULL,NULL]","[NULL,NULL,NULL]",2
295,où est-ce que tu es tombée ? [media],"[NULL,NULL,NULL]","[NULL,NULL,NULL]",1
295,où est-ce que tu es tombée ? [media],"[NULL,NULL,NULL]","[NULL,NULL,NULL]",2
296,ça ça c'est a a collant pour mett à au à bobo . [media],"[NULL,NULL,NULL]","[NULL,NULL,NULL]",1
296,ça ça c'est a a collant pour mett à au à bobo . [media],"[NULL,NULL,NULL]","[NULL,NULL,NULL]",2
297,ah oui ! [media],"[NULL,NULL,NULL]","[NULL,NULL,NULL]",1
297,ah oui ! [media],"[NULL,NULL,NULL]","[NULL,NULL,NULL]",2
298,il y a encore un bobo . [media],"[NULL,NULL,NULL]","[NULL,NULL,NULL]",1
298,il y a encore un bobo . [media],"[NULL,NULL,NULL]","[NULL,NULL,NULL]",2
299,0. . [media],"[NULL,NULL,NULL]","[NULL,NULL,NULL]",1
299,0. . [media],"[NULL,NULL,NULL]","[NULL,NULL,NULL]",2
300,encore hop . [media],"[NULL,NULL,NULL]","[NULL,NULL,NULL]",1
300,encore hop . [media],"[NULL,NULL,NULL]","[NULL,NULL,NULL]",2
301,0. regarde . [media],"[NULL,NULL,NULL]","[NULL,NULL,NULL]",1
301,0. regarde . [media],"[NULL,NULL,NULL]","[NULL,NULL,NULL]",2
302,0. . [media],"[NULL,NULL,NULL]","[NULL,NULL,NULL]",1
302,0. . [media],"[NULL,NULL,NULL]","[NULL,NULL,NULL]",2
303,waw qu'est-ce que c'est ? [media],"[NULL,NULL,NULL]","[NULL,NULL,NULL]",1
303,waw qu'est-ce que c'est ? [media],"[NULL,NULL,NULL]","[NULL,NULL,NULL]",2
304,un raisin . [media],"[NULL,NULL,NULL]","[NULL,NULL,NULL]",1
304,un raisin . [media],"[NULL,NULL,NULL]","[NULL,NULL,NULL]",2
305,un raisin ! [media],"[NULL,NULL,NULL]","[NULL,NULL,NULL]",1
305,un raisin ! [media],"[NULL,NULL,NULL]","[NULL,NULL,NULL]",2
306,bleu . [media],"[NULL,NULL,NULL]","[NULL,NULL,NULL]",1
306,bleu . [media],"[NULL,NULL,NULL]","[NULL,NULL,NULL]",2
307,regarde . [media],"[NULL,NULL,NULL]","[NULL,NULL,NULL]",1
307,regarde . [media],"[NULL,NULL,NULL]","[NULL,NULL,NULL]",2
308,waw qu'est-ce que c'est ça ? [media],"[NULL,NULL,NULL]","[NULL,NULL,NULL]",1
308,waw qu'est-ce que c'est ça ? [media],"[NULL,NULL,NULL]","[NULL,NULL,NULL]",2
309,des raisins . [media],"[NULL,NULL,NULL]","[NULL,NULL,NULL]",1
309,des raisins . [media],"[NULL,NULL,NULL]","[NULL,NULL,NULL]",2
310,encore du raisin ? [media],"[NULL,NULL,NULL]","[NULL,NULL,NULL]",1
310,encore du raisin ? [media],"[NULL,NULL,NULL]","[NULL,NULL,NULL]",2
311,qu'est-ce qu'elle t'a donné maman hier ? [media],"[NULL,NULL,NULL]","[NULL,NULL,NULL]",1
311,qu'est-ce qu'elle t'a donné maman hier ? [media],"[NULL,NULL,NULL]","[NULL,NULL,NULL]",2
312,qu'est ce qu'on a acheté pour mettre dans la maison ? [media],"[NULL,NULL,NULL]","[NULL,NULL,NULL]",1
312,qu'est ce qu'on a acheté pour mettre dans la maison ? [media],"[NULL,NULL,NULL]","[NULL,NULL,NULL]",2
313,pour mettre dans la petite maison de poupée qu'est-ce qu'on a acheté ? [media],"[NULL,NULL,NULL]","[NULL,NULL,NULL]",1
313,pour mettre dans la petite maison de poupée qu'est-ce qu'on a acheté ? [media],"[NULL,NULL,NULL]","[NULL,NULL,NULL]",2
314,c'est quoi ? [media],"[CHI-Initiation:Information-seeking:fact-based,NULL,NULL]","[CHI-Initiation:Information-seeking:fact-based,NULL,NULL]",1
314,c'est quoi ? [media],"[NULL,NULL,NULL]","[NULL,NULL,NULL]",2
315,un ca ... [media],"[PAR-Response:Non-answer:interrogative,NULL,NULL]","[PAR-Response:Non-answer:interrogative,NULL,NULL]",1
315,un ca ... [media],"[NULL,NULL,NULL]","[NULL,NULL,NULL]",2
316,[quote] ... [media],"[NULL,NULL,NULL]","[NULL,NULL,NULL]",1
316,[quote] ... [media],"[NULL,NULL,NULL]","[NULL,NULL,NULL]",2
317,[quote] . [media],"[CHI-Follow-up:Own-explanation,NULL,NULL]","[CHI-Follow-up:Own-explanation,NULL,NULL]",1
317,[quote] . [media],"[NULL,NULL,NULL]","[NULL,NULL,NULL]",2
318,et puis ? [media],"[NULL,NULL,NULL]","[NULL,NULL,NULL]",1
318,et puis ? [media],"[NULL,NULL,NULL]","[NULL,NULL,NULL]",2
319,a chaise . [media],"[NULL,NULL,NULL]","[NULL,NULL,NULL]",1
319,a chaise . [media],"[NULL,NULL,NULL]","[NULL,NULL,NULL]",2
320,oui . [media],"[NULL,NULL,NULL]","[NULL,NULL,NULL]",1
320,oui . [media],"[NULL,NULL,NULL]","[NULL,NULL,NULL]",2
321,les fauteuils a table . [media],"[NULL,NULL,NULL]","[NULL,NULL,NULL]",1
321,les fauteuils a table . [media],"[NULL,NULL,NULL]","[NULL,NULL,NULL]",2
322,des fauteuils une table . [media],"[NULL,NULL,NULL]","[NULL,NULL,NULL]",1
322,des fauteuils une table . [media],"[NULL,NULL,NULL]","[NULL,NULL,NULL]",2
323,\<None\> \<None\> un fauteuil un autre fauteuil et un yyy . [media],"[NULL,NULL,NULL]","[NULL,NULL,NULL]",1
323,\<None\> \<None\> un fauteuil un autre fauteuil et un yyy . [media],"[NULL,NULL,NULL]","[NULL,NULL,NULL]",2
324,et quoi ? [media],"[NULL,NULL,NULL]","[NULL,NULL,NULL]",1
324,et quoi ? [media],"[NULL,NULL,NULL]","[NULL,NULL,NULL]",2
325,et yyy quoi ça ? [media],"[CHI-Initiation:Information-seeking:fact-based,NULL,NULL]","[CHI-Initiation:Information-seeking:fact-based,NULL,NULL]",1
325,et yyy quoi ça ? [media],"[NULL,NULL,NULL]","[NULL,NULL,NULL]",2
326,je vois pas . [media],"[NULL,NULL,NULL]","[PAR-Response:Non-answer:declarative,NULL,NULL]",1
326,je vois pas . [media],"[NULL,NULL,NULL]","[NULL,NULL,NULL]",2
327,une lampe . [media],"[PAR-Response:Answer:no-explanation-needed,NULL,NULL]","[PAR-Response:Answer:no-explanation-needed,NULL,NULL]",1
327,une lampe . [media],"[NULL,NULL,NULL]","[NULL,NULL,NULL]",2
328,une lumière . [media],"[NULL,NULL,NULL]","[NULL,NULL,NULL]",1
328,une lumière . [media],"[NULL,NULL,NULL]","[NULL,NULL,NULL]",2
329,les \<interruption\> [media],"[CHI-Follow-up:Otherwise,NULL,NULL]","[CHI-Follow-up:Own-explanation,NULL,NULL]",1
329,les \<interruption\> [media],"[NULL,NULL,NULL]","[NULL,NULL,NULL]",2
330,ça qu'est-ce que c'est ?,"[NULL,NULL,NULL]","[NULL,NULL,NULL]",1
330,ça qu'est-ce que c'est ?,"[NULL,NULL,NULL]","[NULL,NULL,NULL]",2
331,les toilettes . [media],"[NULL,NULL,NULL]","[NULL,NULL,NULL]",1
331,les toilettes . [media],"[NULL,NULL,NULL]","[NULL,NULL,NULL]",2
332,oui . [media],"[NULL,NULL,NULL]","[NULL,NULL,NULL]",1
332,oui . [media],"[NULL,NULL,NULL]","[NULL,NULL,NULL]",2
333,yyy oh va dans le trou . [media],"[NULL,NULL,NULL]","[NULL,NULL,NULL]",1
333,yyy oh va dans le trou . [media],"[NULL,NULL,NULL]","[NULL,NULL,NULL]",2
334,0. ! [media],"[NULL,NULL,NULL]","[NULL,NULL,NULL]",1
334,0. ! [media],"[NULL,NULL,NULL]","[NULL,NULL,NULL]",2
335,dans le trou . [media],"[NULL,NULL,NULL]","[NULL,NULL,NULL]",1
335,dans le trou . [media],"[NULL,NULL,NULL]","[NULL,NULL,NULL]",2
336,0. . [media],"[NULL,NULL,NULL]","[NULL,NULL,NULL]",1
336,0. . [media],"[NULL,NULL,NULL]","[NULL,NULL,NULL]",2
337,regarde .,"[NULL,NULL,NULL]","[NULL,NULL,NULL]",1
337,regarde .,"[NULL,NULL,NULL]","[NULL,NULL,NULL]",2
338,qu'est-ce que c'est ? [media],"[NULL,NULL,NULL]","[NULL,NULL,NULL]",1
338,qu'est-ce que c'est ? [media],"[NULL,NULL,NULL]","[NULL,NULL,NULL]",2
339,un chat . [media],"[NULL,NULL,NULL]","[NULL,NULL,NULL]",1
339,un chat . [media],"[NULL,NULL,NULL]","[NULL,NULL,NULL]",2
340,un chat ? [media],"[NULL,NULL,NULL]","[NULL,NULL,NULL]",1
340,un chat ? [media],"[NULL,NULL,NULL]","[NULL,NULL,NULL]",2
341,t as un chat sur la main ? [media],"[NULL,NULL,NULL]","[NULL,NULL,NULL]",1
341,t as un chat sur la main ? [media],"[NULL,NULL,NULL]","[NULL,NULL,NULL]",2
342,c'est un bobo là . [media],"[NULL,NULL,NULL]","[NULL,NULL,NULL]",1
342,c'est un bobo là . [media],"[NULL,NULL,NULL]","[NULL,NULL,NULL]",2
343,yyy on va mettre un collant . [media],"[NULL,NULL,NULL]","[NULL,NULL,NULL]",1
343,yyy on va mettre un collant . [media],"[NULL,NULL,NULL]","[NULL,NULL,NULL]",2
344,là c'est encore un bobo . [media],"[NULL,NULL,NULL]","[NULL,NULL,NULL]",1
344,là c'est encore un bobo . [media],"[NULL,NULL,NULL]","[NULL,NULL,NULL]",2
345,0. ! [media],"[NULL,NULL,NULL]","[NULL,NULL,NULL]",1
345,0. ! [media],"[NULL,NULL,NULL]","[NULL,NULL,NULL]",2
346,regarde . [media],"[NULL,NULL,NULL]","[NULL,NULL,NULL]",1
346,regarde . [media],"[NULL,NULL,NULL]","[NULL,NULL,NULL]",2
347,0. oh qu'est-ce que c'est ? [media],"[NULL,NULL,NULL]","[NULL,NULL,NULL]",1
347,0. oh qu'est-ce que c'est ? [media],"[NULL,NULL,NULL]","[NULL,NULL,NULL]",2
348,un bonhomme . [media],"[NULL,NULL,NULL]","[NULL,NULL,NULL]",1
348,un bonhomme . [media],"[NULL,NULL,NULL]","[NULL,NULL,NULL]",2
349,un bonhomme ? [media],"[NULL,NULL,NULL]","[NULL,NULL,NULL]",1
349,un bonhomme ? [media],"[NULL,NULL,NULL]","[NULL,NULL,NULL]",2
350,yyy le le chat il est la . [media],"[NULL,NULL,NULL]","[NULL,NULL,NULL]",1
350,yyy le le chat il est la . [media],"[NULL,NULL,NULL]","[NULL,NULL,NULL]",2
351,regarde . [media],"[NULL,NULL,NULL]","[NULL,NULL,NULL]",1
351,regarde . [media],"[NULL,NULL,NULL]","[NULL,NULL,NULL]",2
352,waw c'est beau hein ? [media],"[NULL,NULL,NULL]","[NULL,NULL,NULL]",1
352,waw c'est beau hein ? [media],"[NULL,NULL,NULL]","[NULL,NULL,NULL]",2
353,[quote] 0. .,"[NULL,NULL,NULL]","[NULL,NULL,NULL]",1
353,[quote] 0. .,"[NULL,NULL,NULL]","[NULL,NULL,NULL]",2
354,un chat . [media],"[NULL,NULL,NULL]","[NULL,NULL,NULL]",1
354,un chat . [media],"[NULL,NULL,NULL]","[NULL,NULL,NULL]",2
355,oui . [media],"[NULL,NULL,NULL]","[NULL,NULL,NULL]",1
355,oui . [media],"[NULL,NULL,NULL]","[NULL,NULL,NULL]",2
356,un cochon . [media],"[NULL,NULL,NULL]","[NULL,NULL,NULL]",1
356,un cochon . [media],"[NULL,NULL,NULL]","[NULL,NULL,NULL]",2
357,et un bonhomme . [media],"[NULL,NULL,NULL]","[NULL,NULL,NULL]",1
357,et un bonhomme . [media],"[NULL,NULL,NULL]","[NULL,NULL,NULL]",2
358,c'est très joli . [media],"[NULL,NULL,NULL]","[NULL,NULL,NULL]",1
358,c'est très joli . [media],"[NULL,NULL,NULL]","[NULL,NULL,NULL]",2
359,il y a il y a chat . [media],"[NULL,NULL,NULL]","[NULL,NULL,NULL]",1
359,il y a il y a chat . [media],"[NULL,NULL,NULL]","[NULL,NULL,NULL]",2
360,et main et mes yyy \<self interruption\> [media],"[NULL,NULL,NULL]","[NULL,NULL,NULL]",1
360,et main et mes yyy \<self interruption\> [media],"[NULL,NULL,NULL]","[NULL,NULL,NULL]",2
361,c'est mes bagues . [media],"[NULL,NULL,NULL]","[NULL,NULL,NULL]",1
361,c'est mes bagues . [media],"[NULL,NULL,NULL]","[NULL,NULL,NULL]",2
362,c'est tes bagues \<None\> . [media],"[NULL,NULL,NULL]","[NULL,NULL,NULL]",1
362,c'est tes bagues \<None\> . [media],"[NULL,NULL,NULL]","[NULL,NULL,NULL]",2
363,tu es belle ! [media],"[NULL,NULL,NULL]","[NULL,NULL,NULL]",1
363,tu es belle ! [media],"[NULL,NULL,NULL]","[NULL,NULL,NULL]",2
364,et dis_donc tu as un joli pyjama ! [media],"[NULL,NULL,NULL]","[NULL,NULL,NULL]",1
364,et dis_donc tu as un joli pyjama ! [media],"[NULL,NULL,NULL]","[NULL,NULL,NULL]",2
365,c'est un pyjama de quoi ? [media],"[NULL,NULL,NULL]","[NULL,NULL,NULL]",1
365,c'est un pyjama de quoi ? [media],"[NULL,NULL,NULL]","[NULL,NULL,NULL]",2
366,qu'est-ce qu' y a sur ton pyjama ? [media],"[NULL,NULL,NULL]","[NULL,NULL,NULL]",1
366,qu'est-ce qu' y a sur ton pyjama ? [media],"[NULL,NULL,NULL]","[NULL,NULL,NULL]",2
367,Anaé ? [media],"[NULL,NULL,NULL]","[NULL,NULL,NULL]",1
367,Anaé ? [media],"[NULL,NULL,NULL]","[NULL,NULL,NULL]",2
368,qu'est-ce que c'est sur ton pyjama ? [media],"[NULL,NULL,NULL]","[NULL,NULL,NULL]",1
368,qu'est-ce que c'est sur ton pyjama ? [media],"[NULL,NULL,NULL]","[NULL,NULL,NULL]",2
369,c'est ça . [media],"[NULL,NULL,NULL]","[NULL,NULL,NULL]",1
369,c'est ça . [media],"[NULL,NULL,NULL]","[NULL,NULL,NULL]",2
370,qu'est-ce que c'est dessiné sur ton pyjama ? [media],"[NULL,NULL,NULL]","[NULL,NULL,NULL]",1
370,qu'est-ce que c'est dessiné sur ton pyjama ? [media],"[NULL,NULL,NULL]","[NULL,NULL,NULL]",2
371,regarde . [media],"[NULL,NULL,NULL]","[NULL,NULL,NULL]",1
371,regarde . [media],"[NULL,NULL,NULL]","[NULL,NULL,NULL]",2
372,c'est Dora . [media],"[NULL,NULL,NULL]","[NULL,NULL,NULL]",1
372,c'est Dora . [media],"[NULL,NULL,NULL]","[NULL,NULL,NULL]",2
373,c'est Dora . [media],"[NULL,NULL,NULL]","[NULL,NULL,NULL]",1
373,c'est Dora . [media],"[NULL,NULL,NULL]","[NULL,NULL,NULL]",2
374,[quote] yyy .,"[NULL,NULL,NULL]","[NULL,NULL,NULL]",1
374,[quote] yyy .,"[NULL,NULL,NULL]","[NULL,NULL,NULL]",2
375,et Babouche . [media],"[NULL,NULL,NULL]","[NULL,NULL,NULL]",1
375,et Babouche . [media],"[NULL,NULL,NULL]","[NULL,NULL,NULL]",2
376,et Babouche . [media],"[NULL,NULL,NULL]","[NULL,NULL,NULL]",1
376,et Babouche . [media],"[NULL,NULL,NULL]","[NULL,NULL,NULL]",2
377,oh il y a un autocollant qu est tombé regarde à-côté de ton pied . [media],"[NULL,NULL,NULL]","[NULL,NULL,NULL]",1
377,oh il y a un autocollant qu est tombé regarde à-côté de ton pied . [media],"[NULL,NULL,NULL]","[NULL,NULL,NULL]",2
378,non là . [media],"[NULL,NULL,NULL]","[NULL,NULL,NULL]",1
378,non là . [media],"[NULL,NULL,NULL]","[NULL,NULL,NULL]",2
379,là . [media],"[NULL,NULL,NULL]","[NULL,NULL,NULL]",1
379,là . [media],"[NULL,NULL,NULL]","[NULL,NULL,NULL]",2
380,0. . [media],"[NULL,NULL,NULL]","[NULL,NULL,NULL]",1
380,0. . [media],"[NULL,NULL,NULL]","[NULL,NULL,NULL]",2
381,de quelle couleur il est ton pyjama ? [media],"[NULL,NULL,NULL]","[NULL,NULL,NULL]",1
381,de quelle couleur il est ton pyjama ? [media],"[NULL,NULL,NULL]","[NULL,NULL,NULL]",2
382,il est de \<interruption\> [media],"[NULL,NULL,NULL]","[NULL,NULL,NULL]",1
382,il est de \<interruption\> [media],"[NULL,NULL,NULL]","[NULL,NULL,NULL]",2
383,[quote] il est \<interruption\>,"[NULL,NULL,NULL]","[NULL,NULL,NULL]",1
383,[quote] il est \<interruption\>,"[NULL,NULL,NULL]","[NULL,NULL,NULL]",2
384,il est rouge . [media],"[NULL,NULL,NULL]","[NULL,NULL,NULL]",1
384,il est rouge . [media],"[NULL,NULL,NULL]","[NULL,NULL,NULL]",2
385,il est rose oui . [media],"[NULL,NULL,NULL]","[NULL,NULL,NULL]",1
385,il est rose oui . [media],"[NULL,NULL,NULL]","[NULL,NULL,NULL]",2
386,et qui est-ce qui s'appelle Rose ? [media],"[NULL,NULL,NULL]","[NULL,NULL,NULL]",1
386,et qui est-ce qui s'appelle Rose ? [media],"[NULL,NULL,NULL]","[NULL,NULL,NULL]",2
387,sa maman . [media],"[NULL,NULL,NULL]","[NULL,NULL,NULL]",1
387,sa maman . [media],"[NULL,NULL,NULL]","[NULL,NULL,NULL]",2
388,non . [media],"[NULL,NULL,NULL]","[NULL,NULL,NULL]",1
388,non . [media],"[NULL,NULL,NULL]","[NULL,NULL,NULL]",2
389,qui est-ce qui s'appelle Rose ? [media],"[NULL,NULL,NULL]","[NULL,NULL,NULL]",1
389,qui est-ce qui s'appelle Rose ? [media],"[NULL,NULL,NULL]","[NULL,NULL,NULL]",2
390,c'est le bébé ? [media],"[NULL,NULL,NULL]","[NULL,NULL,NULL]",1
390,c'est le bébé ? [media],"[NULL,NULL,NULL]","[NULL,NULL,NULL]",2
391,c'est le bébé . [media],"[NULL,NULL,NULL]","[NULL,NULL,NULL]",1
391,c'est le bébé . [media],"[NULL,NULL,NULL]","[NULL,NULL,NULL]",2
392,de Brice et Anne_Laure . [media],"[NULL,NULL,NULL]","[NULL,NULL,NULL]",1
392,de Brice et Anne_Laure . [media],"[NULL,NULL,NULL]","[NULL,NULL,NULL]",2
393,qu'est-ce qu'elle mange Rose ? [media],"[NULL,NULL,NULL]","[NULL,NULL,NULL]",1
393,qu'est-ce qu'elle mange Rose ? [media],"[NULL,NULL,NULL]","[NULL,NULL,NULL]",2
394,sa maman . [media],"[NULL,NULL,NULL]","[NULL,NULL,NULL]",1
394,sa maman . [media],"[NULL,NULL,NULL]","[NULL,NULL,NULL]",2
395,elle mange sa maman ? [media],"[NULL,NULL,NULL]","[NULL,NULL,NULL]",1
395,elle mange sa maman ? [media],"[NULL,NULL,NULL]","[NULL,NULL,NULL]",2
396,ouais . [media],"[NULL,NULL,NULL]","[NULL,NULL,NULL]",1
396,ouais . [media],"[NULL,NULL,NULL]","[NULL,NULL,NULL]",2
397,comment elle fait ?,"[NULL,NULL,NULL]","[NULL,NULL,NULL]",1
397,comment elle fait ?,"[NULL,NULL,NULL]","[NULL,NULL,NULL]",2
398,le tété . [media],"[NULL,NULL,NULL]","[NULL,NULL,NULL]",1
398,le tété . [media],"[NULL,NULL,NULL]","[NULL,NULL,NULL]",2
399,ah le tété de sa maman . [media],"[NULL,NULL,NULL]","[NULL,NULL,NULL]",1
399,ah le tété de sa maman . [media],"[NULL,NULL,NULL]","[NULL,NULL,NULL]",2
400,et qu'est-ce qu' y a dans le tété ? [media],"[NULL,NULL,NULL]","[NULL,NULL,NULL]",1
400,et qu'est-ce qu' y a dans le tété ? [media],"[NULL,NULL,NULL]","[NULL,NULL,NULL]",2
401,il y a du lait . [media],"[NULL,NULL,NULL]","[NULL,NULL,NULL]",1
401,il y a du lait . [media],"[NULL,NULL,NULL]","[NULL,NULL,NULL]",2
402,ah bon ? [media],"[NULL,NULL,NULL]","[NULL,NULL,NULL]",1
402,ah bon ? [media],"[NULL,NULL,NULL]","[NULL,NULL,NULL]",2
403,ouais ! [media],"[NULL,NULL,NULL]","[NULL,NULL,NULL]",1
403,ouais ! [media],"[NULL,NULL,NULL]","[NULL,NULL,NULL]",2
404,comme dans un biberon ? [media],"[NULL,NULL,NULL]","[NULL,NULL,NULL]",1
404,comme dans un biberon ? [media],"[NULL,NULL,NULL]","[NULL,NULL,NULL]",2
405,ouais si il boit du du chocolat et du lait . [media],"[NULL,NULL,NULL]","[NULL,NULL,NULL]",1
405,ouais si il boit du du chocolat et du lait . [media],"[NULL,NULL,NULL]","[NULL,NULL,NULL]",2
406,ah bon ! [media],"[NULL,NULL,NULL]","[NULL,NULL,NULL]",1
406,ah bon ! [media],"[NULL,NULL,NULL]","[NULL,NULL,NULL]",2
407,et toi quand tu étais bébé tu buvais le lait de maman aussi ? [media],"[NULL,NULL,NULL]","[NULL,NULL,NULL]",1
407,et toi quand tu étais bébé tu buvais le lait de maman aussi ? [media],"[NULL,NULL,NULL]","[NULL,NULL,NULL]",2
408,0. . [media],"[NULL,NULL,NULL]","[NULL,NULL,NULL]",1
408,0. . [media],"[NULL,NULL,NULL]","[NULL,NULL,NULL]",2
409,oui ?,"[NULL,NULL,NULL]","[NULL,NULL,NULL]",1
409,oui ?,"[NULL,NULL,NULL]","[NULL,NULL,NULL]",2
410,0. . [media],"[NULL,NULL,NULL]","[NULL,NULL,NULL]",1
410,0. . [media],"[NULL,NULL,NULL]","[NULL,NULL,NULL]",2
411,tu t'en souviens ?,"[NULL,NULL,NULL]","[NULL,NULL,NULL]",1
411,tu t'en souviens ?,"[NULL,NULL,NULL]","[NULL,NULL,NULL]",2
412,tu t'en souviens ou pas ? [media],"[NULL,NULL,NULL]","[NULL,NULL,NULL]",1
412,tu t'en souviens ou pas ? [media],"[NULL,NULL,NULL]","[NULL,NULL,NULL]",2
413,0. .,"[NULL,NULL,NULL]","[NULL,NULL,NULL]",1
413,0. .,"[NULL,NULL,NULL]","[NULL,NULL,NULL]",2
414,ouais ouais ouais ! [media],"[NULL,NULL,NULL]","[NULL,NULL,NULL]",1
414,ouais ouais ouais ! [media],"[NULL,NULL,NULL]","[NULL,NULL,NULL]",2
415,hum hum . [media],"[NULL,NULL,NULL]","[NULL,NULL,NULL]",1
415,hum hum . [media],"[NULL,NULL,NULL]","[NULL,NULL,NULL]",2
416,bon alors il y a un canapé des fauteuils une table . [media],"[NULL,NULL,NULL]","[NULL,NULL,NULL]",1
416,bon alors il y a un canapé des fauteuils une table . [media],"[NULL,NULL,NULL]","[NULL,NULL,NULL]",2
417,et puis quoi d' autre dans cette maison ? [media],"[NULL,NULL,NULL]","[NULL,NULL,NULL]",1
417,et puis quoi d' autre dans cette maison ? [media],"[NULL,NULL,NULL]","[NULL,NULL,NULL]",2
418,poupée . [media],"[NULL,NULL,NULL]","[NULL,NULL,NULL]",1
418,poupée . [media],"[NULL,NULL,NULL]","[NULL,NULL,NULL]",2
419,des poupées . [media],"[NULL,NULL,NULL]","[NULL,NULL,NULL]",1
419,des poupées . [media],"[NULL,NULL,NULL]","[NULL,NULL,NULL]",2
420,qu'est-ce que c'est ça ? [media],"[NULL,NULL,NULL]","[NULL,NULL,NULL]",1
420,qu'est-ce que c'est ça ? [media],"[NULL,NULL,NULL]","[NULL,NULL,NULL]",2
421,0. . [media],"[NULL,NULL,NULL]","[NULL,NULL,NULL]",1
421,0. . [media],"[NULL,NULL,NULL]","[NULL,NULL,NULL]",2
422,qu'est-ce qu'il y a ?,"[NULL,NULL,NULL]","[NULL,NULL,NULL]",1
422,qu'est-ce qu'il y a ?,"[NULL,NULL,NULL]","[NULL,NULL,NULL]",2
423,t as vu ? [media],"[CHI-Initiation:Non-information-seeking,NULL,NULL]","[CHI-Initiation:Information-seeking:fact-based,NULL,NULL]",1
423,t as vu ? [media],"[NULL,NULL,NULL]","[NULL,NULL,NULL]",2
424,qu'est-ce que c'est ? [media],"[NULL,NULL,NULL]","[PAR-Response:Non-answer:interrogative,NULL,NULL]",1
424,qu'est-ce que c'est ? [media],"[NULL,NULL,NULL]","[NULL,NULL,NULL]",2
425,c'est une poussière ? [media],"[NULL,NULL,NULL]","[NULL,NULL,NULL]",1
425,c'est une poussière ? [media],"[NULL,NULL,NULL]","[NULL,NULL,NULL]",2
426,yyy . [media],"[NULL,NULL,NULL]","[CHI-Follow-up:Signal-agreement,NULL,NULL]",1
426,yyy . [media],"[NULL,NULL,NULL]","[NULL,NULL,NULL]",2
427,va sortir dans le jardin . [media],"[NULL,NULL,NULL]","[CHI-Follow-up:Own-explanation,NULL,NULL]",1
427,va sortir dans le jardin . [media],"[NULL,NULL,NULL]","[NULL,NULL,NULL]",2
428,tu vas la jeter dans le jardin ? [media],"[NULL,NULL,NULL]","[NULL,NULL,NULL]",1
428,tu vas la jeter dans le jardin ? [media],"[NULL,NULL,NULL]","[NULL,NULL,NULL]",2
429,0. . [media],"[NULL,NULL,NULL]","[NULL,NULL,NULL]",1
429,0. . [media],"[NULL,NULL,NULL]","[NULL,NULL,NULL]",2
430,vas_y .,"[NULL,NULL,NULL]","[NULL,NULL,NULL]",1
430,vas_y .,"[NULL,NULL,NULL]","[NULL,NULL,NULL]",2
431,a poussière . [media],"[NULL,NULL,NULL]","[NULL,NULL,NULL]",1
431,a poussière . [media],"[NULL,NULL,NULL]","[NULL,NULL,NULL]",2
432,yyy poussière . [media],"[NULL,NULL,NULL]","[NULL,NULL,NULL]",1
432,yyy poussière . [media],"[NULL,NULL,NULL]","[NULL,NULL,NULL]",2
433,ça_y_est ? [media],"[NULL,NULL,NULL]","[NULL,NULL,NULL]",1
433,ça_y_est ? [media],"[NULL,NULL,NULL]","[NULL,NULL,NULL]",2
434,tu reviens ? [media],"[NULL,NULL,NULL]","[NULL,NULL,NULL]",1
434,tu reviens ? [media],"[NULL,NULL,NULL]","[NULL,NULL,NULL]",2
435,coucou ! [media],"[NULL,NULL,NULL]","[NULL,NULL,NULL]",1
435,coucou ! [media],"[NULL,NULL,NULL]","[NULL,NULL,NULL]",2
436,qu'est-ce que tu fais ? [media],"[NULL,NULL,NULL]","[NULL,NULL,NULL]",1
436,qu'est-ce que tu fais ? [media],"[NULL,NULL,NULL]","[NULL,NULL,NULL]",2
437,ah tu fermes la porte . [media],"[NULL,NULL,NULL]","[NULL,NULL,NULL]",1
437,ah tu fermes la porte . [media],"[NULL,NULL,NULL]","[NULL,NULL,NULL]",2
438,il est là Homère ? [media],"[NULL,NULL,NULL]","[NULL,NULL,NULL]",1
438,il est là Homère ? [media],"[NULL,NULL,NULL]","[NULL,NULL,NULL]",2
439,il est là . [media],"[NULL,NULL,NULL]","[NULL,NULL,NULL]",1
439,il est là . [media],"[NULL,NULL,NULL]","[NULL,NULL,NULL]",2
440,d'accord . [media],"[NULL,NULL,NULL]","[NULL,NULL,NULL]",1
440,d'accord . [media],"[NULL,NULL,NULL]","[NULL,NULL,NULL]",2
441,qu'est-ce qu'il fait ? [media],"[NULL,NULL,NULL]","[NULL,NULL,NULL]",1
441,qu'est-ce qu'il fait ? [media],"[NULL,NULL,NULL]","[NULL,NULL,NULL]",2
442,oh encore ! [media],"[NULL,NULL,NULL]","[NULL,NULL,NULL]",1
442,oh encore ! [media],"[NULL,NULL,NULL]","[NULL,NULL,NULL]",2
443,oh encore une poussière . [media],"[NULL,NULL,NULL]","[NULL,NULL,NULL]",1
443,oh encore une poussière . [media],"[NULL,NULL,NULL]","[NULL,NULL,NULL]",2
444,dis_donc il faut qu'on fasse le ménage .,"[NULL,NULL,NULL]","[NULL,NULL,NULL]",1
444,dis_donc il faut qu'on fasse le ménage .,"[NULL,NULL,NULL]","[NULL,NULL,NULL]",2
445,va je va jeter de l'eau . [media],"[NULL,NULL,NULL]","[NULL,NULL,NULL]",1
445,va je va jeter de l'eau . [media],"[NULL,NULL,NULL]","[NULL,NULL,NULL]",2
446,va jeter dans le jardin . [media],"[NULL,NULL,NULL]","[NULL,NULL,NULL]",1
446,va jeter dans le jardin . [media],"[NULL,NULL,NULL]","[NULL,NULL,NULL]",2
447,d'accord . [media],"[NULL,NULL,NULL]","[NULL,NULL,NULL]",1
447,d'accord . [media],"[NULL,NULL,NULL]","[NULL,NULL,NULL]",2
448,peux m'ouvrir le jardin ? [media],"[NULL,NULL,NULL]","[NULL,NULL,NULL]",1
448,peux m'ouvrir le jardin ? [media],"[NULL,NULL,NULL]","[NULL,NULL,NULL]",2
449,0. . [media],"[NULL,NULL,NULL]","[NULL,NULL,NULL]",1
449,0. . [media],"[NULL,NULL,NULL]","[NULL,NULL,NULL]",2
450,0. . [media],"[NULL,NULL,NULL]","[NULL,NULL,NULL]",1
450,0. . [media],"[NULL,NULL,NULL]","[NULL,NULL,NULL]",2
451,oh encore une poussière . [media],"[NULL,NULL,NULL]","[NULL,NULL,NULL]",1
451,oh encore une poussière . [media],"[NULL,NULL,NULL]","[NULL,NULL,NULL]",2
452,oh bah alors c'est pas possible ça ! [media],"[NULL,NULL,NULL]","[NULL,NULL,NULL]",1
452,oh bah alors c'est pas possible ça ! [media],"[NULL,NULL,NULL]","[NULL,NULL,NULL]",2
453,alors vas_y va la mettre dans le jardin . [media],"[NULL,NULL,NULL]","[NULL,NULL,NULL]",1
453,alors vas_y va la mettre dans le jardin . [media],"[NULL,NULL,NULL]","[NULL,NULL,NULL]",2
454,tu voudras faire un dessin après ?,"[NULL,NULL,NULL]","[NULL,NULL,NULL]",1
454,tu voudras faire un dessin après ?,"[NULL,NULL,NULL]","[NULL,NULL,NULL]",2
455,tu veux que je te donne un crayon ? [media],"[NULL,NULL,NULL]","[NULL,NULL,NULL]",1
455,tu veux que je te donne un crayon ? [media],"[NULL,NULL,NULL]","[NULL,NULL,NULL]",2
456,je vais te chercher un crayon . [media],"[NULL,NULL,NULL]","[NULL,NULL,NULL]",1
456,je vais te chercher un crayon . [media],"[NULL,NULL,NULL]","[NULL,NULL,NULL]",2
457,tiens . [media],"[NULL,NULL,NULL]","[NULL,NULL,NULL]",1
457,tiens . [media],"[NULL,NULL,NULL]","[NULL,NULL,NULL]",2
458,e crayons . [media],"[NULL,NULL,NULL]","[NULL,NULL,NULL]",1
458,e crayons . [media],"[NULL,NULL,NULL]","[NULL,NULL,NULL]",2
459,qu'est-ce qu'on dit ? [media],"[NULL,NULL,NULL]","[NULL,NULL,NULL]",1
459,qu'est-ce qu'on dit ? [media],"[NULL,NULL,NULL]","[NULL,NULL,NULL]",2
460,merci ! [media],"[NULL,NULL,NULL]","[NULL,NULL,NULL]",1
460,merci ! [media],"[NULL,NULL,NULL]","[NULL,NULL,NULL]",2
461,merci qui ? [media],"[NULL,NULL,NULL]","[NULL,NULL,NULL]",1
461,merci qui ? [media],"[NULL,NULL,NULL]","[NULL,NULL,NULL]",2
462,merci madame . [media],"[NULL,NULL,NULL]","[NULL,NULL,NULL]",1
462,merci madame . [media],"[NULL,NULL,NULL]","[NULL,NULL,NULL]",2
463,merci madame \<None\> . [media],"[NULL,NULL,NULL]","[NULL,NULL,NULL]",1
463,merci madame \<None\> . [media],"[NULL,NULL,NULL]","[NULL,NULL,NULL]",2
464,de rien madame . [media],"[NULL,NULL,NULL]","[NULL,NULL,NULL]",1
464,de rien madame . [media],"[NULL,NULL,NULL]","[NULL,NULL,NULL]",2
465,alors qu'est-ce que tu vas dessiner ? [media],"[NULL,NULL,NULL]","[NULL,NULL,NULL]",1
465,alors qu'est-ce que tu vas dessiner ? [media],"[NULL,NULL,NULL]","[NULL,NULL,NULL]",2
466,ə feuille . [media],"[NULL,NULL,NULL]","[NULL,NULL,NULL]",1
466,ə feuille . [media],"[NULL,NULL,NULL]","[NULL,NULL,NULL]",2
467,tu veux arracher une feuille ? [media],"[NULL,NULL,NULL]","[NULL,NULL,NULL]",1
467,tu veux arracher une feuille ? [media],"[NULL,NULL,NULL]","[NULL,NULL,NULL]",2
468,arracher feuille . [media],"[NULL,NULL,NULL]","[NULL,NULL,NULL]",1
468,arracher feuille . [media],"[NULL,NULL,NULL]","[NULL,NULL,NULL]",2
469,vas_y tire . [media],"[NULL,NULL,NULL]","[NULL,NULL,NULL]",1
469,vas_y tire . [media],"[NULL,NULL,NULL]","[NULL,NULL,NULL]",2
470,oh là ! [media],"[NULL,NULL,NULL]","[NULL,NULL,NULL]",1
470,oh là ! [media],"[NULL,NULL,NULL]","[NULL,NULL,NULL]",2
471,oh . [media],"[NULL,NULL,NULL]","[NULL,NULL,NULL]",1
471,oh . [media],"[NULL,NULL,NULL]","[NULL,NULL,NULL]",2
472,[quote] vas_y .,"[NULL,NULL,NULL]","[NULL,NULL,NULL]",1
472,[quote] vas_y .,"[NULL,NULL,NULL]","[NULL,NULL,NULL]",2
473,ramasse le cahier . et amène-le moi je vais t'arracher une feuille . [media],"[NULL,NULL,NULL]","[NULL,NULL,NULL]",1
473,ramasse le cahier . et amène-le moi je vais t'arracher une feuille . [media],"[NULL,NULL,NULL]","[NULL,NULL,NULL]",2
474,merci . [media],"[NULL,NULL,NULL]","[NULL,NULL,NULL]",1
474,merci . [media],"[NULL,NULL,NULL]","[NULL,NULL,NULL]",2
475,tiens . [media],"[NULL,NULL,NULL]","[NULL,NULL,NULL]",1
475,tiens . [media],"[NULL,NULL,NULL]","[NULL,NULL,NULL]",2
476,merci . [media],"[NULL,NULL,NULL]","[NULL,NULL,NULL]",1
476,merci . [media],"[NULL,NULL,NULL]","[NULL,NULL,NULL]",2
477,tu te mets sur la table . [media],"[NULL,NULL,NULL]","[NULL,NULL,NULL]",1
477,tu te mets sur la table . [media],"[NULL,NULL,NULL]","[NULL,NULL,NULL]",2
478,pousser un peu ... [media],"[NULL,NULL,NULL]","[NULL,NULL,NULL]",1
478,pousser un peu ... [media],"[NULL,NULL,NULL]","[NULL,NULL,NULL]",2
479,[quote] les affaires . [media],"[NULL,NULL,NULL]","[NULL,NULL,NULL]",1
479,[quote] les affaires . [media],"[NULL,NULL,NULL]","[NULL,NULL,NULL]",2
480,alors qu'est-ce que tu dessines ? [media],"[NULL,NULL,NULL]","[NULL,NULL,NULL]",1
480,alors qu'est-ce que tu dessines ? [media],"[NULL,NULL,NULL]","[NULL,NULL,NULL]",2
481,un yyy . [media],"[NULL,NULL,NULL]","[NULL,NULL,NULL]",1
481,un yyy . [media],"[NULL,NULL,NULL]","[NULL,NULL,NULL]",2
482,là c'est le yyy bonhomme . [media],"[NULL,NULL,NULL]","[NULL,NULL,NULL]",1
482,là c'est le yyy bonhomme . [media],"[NULL,NULL,NULL]","[NULL,NULL,NULL]",2
483,c'est le bonhomme ? [media],"[NULL,NULL,NULL]","[NULL,NULL,NULL]",1
483,c'est le bonhomme ? [media],"[NULL,NULL,NULL]","[NULL,NULL,NULL]",2
484,ouais ! [media],"[NULL,NULL,NULL]","[NULL,NULL,NULL]",1
484,ouais ! [media],"[NULL,NULL,NULL]","[NULL,NULL,NULL]",2
485,d'accord . [media],"[NULL,NULL,NULL]","[NULL,NULL,NULL]",1
485,d'accord . [media],"[NULL,NULL,NULL]","[NULL,NULL,NULL]",2
486,ça c'est le bonhomme qui est aussi . [media],"[NULL,NULL,NULL]","[NULL,NULL,NULL]",1
486,ça c'est le bonhomme qui est aussi . [media],"[NULL,NULL,NULL]","[NULL,NULL,NULL]",2
487,qui quoi ? [media],"[NULL,NULL,NULL]","[NULL,NULL,NULL]",1
487,qui quoi ? [media],"[NULL,NULL,NULL]","[NULL,NULL,NULL]",2
488,yyy yyy yyy ça c'est un bonhomme . [media],"[NULL,NULL,NULL]","[NULL,NULL,NULL]",1
488,yyy yyy yyy ça c'est un bonhomme . [media],"[NULL,NULL,NULL]","[NULL,NULL,NULL]",2
489,et qu'est-ce qu'il \<interruption question\> [media],"[NULL,NULL,NULL]","[NULL,NULL,NULL]",1
489,et qu'est-ce qu'il \<interruption question\> [media],"[NULL,NULL,NULL]","[NULL,NULL,NULL]",2
490,[quote] avec la tête .,"[NULL,NULL,NULL]","[NULL,NULL,NULL]",1
490,[quote] avec la tête .,"[NULL,NULL,NULL]","[NULL,NULL,NULL]",2
491,d'accord . [media],"[NULL,NULL,NULL]","[NULL,NULL,NULL]",1
491,d'accord . [media],"[NULL,NULL,NULL]","[NULL,NULL,NULL]",2
492,ça c'est le jardin de de sur la maison de yyy sur le bonhomme . [media],"[NULL,NULL,NULL]","[NULL,NULL,NULL]",1
492,ça c'est le jardin de de sur la maison de yyy sur le bonhomme . [media],"[NULL,NULL,NULL]","[NULL,NULL,NULL]",2
493,hum hum . [media],"[NULL,NULL,NULL]","[NULL,NULL,NULL]",1
493,hum hum . [media],"[NULL,NULL,NULL]","[NULL,NULL,NULL]",2
494,et ça c'est le yyy yyy . [media],"[NULL,NULL,NULL]","[NULL,NULL,NULL]",1
494,et ça c'est le yyy yyy . [media],"[NULL,NULL,NULL]","[NULL,NULL,NULL]",2
495,c'est quoi ? [media],"[NULL,NULL,NULL]","[NULL,NULL,NULL]",1
495,c'est quoi ? [media],"[NULL,NULL,NULL]","[NULL,NULL,NULL]",2
496,le yyy l'est là . [media],"[NULL,NULL,NULL]","[NULL,NULL,NULL]",1
496,le yyy l'est là . [media],"[NULL,NULL,NULL]","[NULL,NULL,NULL]",2
497,c'est le yyy . [media],"[NULL,NULL,NULL]","[NULL,NULL,NULL]",1
497,c'est le yyy . [media],"[NULL,NULL,NULL]","[NULL,NULL,NULL]",2
498,là c'est le bonhomme yyy . [media],"[NULL,NULL,NULL]","[NULL,NULL,NULL]",1
498,là c'est le bonhomme yyy . [media],"[NULL,NULL,NULL]","[NULL,NULL,NULL]",2
499,la tête est là . [media],"[NULL,NULL,NULL]","[NULL,NULL,NULL]",1
499,la tête est là . [media],"[NULL,NULL,NULL]","[NULL,NULL,NULL]",2
500,le pied elle est là . [media],"[NULL,NULL,NULL]","[NULL,NULL,NULL]",1
500,le pied elle est là . [media],"[NULL,NULL,NULL]","[NULL,NULL,NULL]",2
501,le bonhomme il est là . [media],"[NULL,NULL,NULL]","[NULL,NULL,NULL]",1
501,le bonhomme il est là . [media],"[NULL,NULL,NULL]","[NULL,NULL,NULL]",2
502,et qu'est-ce qu'y a sur sa tête ? [media],"[NULL,NULL,NULL]","[NULL,NULL,NULL]",1
502,et qu'est-ce qu'y a sur sa tête ? [media],"[NULL,NULL,NULL]","[NULL,NULL,NULL]",2
503,le bonhomme et yyy . [media],"[NULL,NULL,NULL]","[NULL,NULL,NULL]",1
503,le bonhomme et yyy . [media],"[NULL,NULL,NULL]","[NULL,NULL,NULL]",2
504,la tête la la yyy la tête la pour là c'est la bonhomme yyy la tête . [media],"[NULL,NULL,NULL]","[NULL,NULL,NULL]",1
504,la tête la la yyy la tête la pour là c'est la bonhomme yyy la tête . [media],"[NULL,NULL,NULL]","[NULL,NULL,NULL]",2
505,hum hum . [media],"[NULL,NULL,NULL]","[NULL,NULL,NULL]",1
505,hum hum . [media],"[NULL,NULL,NULL]","[NULL,NULL,NULL]",2
506,et il a des yeux ? [media],"[NULL,NULL,NULL]","[NULL,NULL,NULL]",1
506,et il a des yeux ? [media],"[NULL,NULL,NULL]","[NULL,NULL,NULL]",2
507,a des yeux . [media],"[NULL,NULL,NULL]","[NULL,NULL,NULL]",1
507,a des yeux . [media],"[NULL,NULL,NULL]","[NULL,NULL,NULL]",2
508,et puis ? [media],"[NULL,NULL,NULL]","[NULL,NULL,NULL]",1
508,et puis ? [media],"[NULL,NULL,NULL]","[NULL,NULL,NULL]",2
509,et des yeux yyy yyy comme ça . [media],"[NULL,NULL,NULL]","[NULL,NULL,NULL]",1
509,et des yeux yyy yyy comme ça . [media],"[NULL,NULL,NULL]","[NULL,NULL,NULL]",2
510,des yeux yyy comme ça . [media],"[NULL,NULL,NULL]","[NULL,NULL,NULL]",1
510,des yeux yyy comme ça . [media],"[NULL,NULL,NULL]","[NULL,NULL,NULL]",2
511,la tête elle est là yyy plus . [media],"[NULL,NULL,NULL]","[NULL,NULL,NULL]",1
511,la tête elle est là yyy plus . [media],"[NULL,NULL,NULL]","[NULL,NULL,NULL]",2
512,là c'est la petit bidon qui on mange comme ça . [media],"[NULL,NULL,NULL]","[NULL,NULL,NULL]",1
512,là c'est la petit bidon qui on mange comme ça . [media],"[NULL,NULL,NULL]","[NULL,NULL,NULL]",2
513,le cahier yyy là yyy yyy yyy le cahier il est là le cahier yyy on mange . [media],"[NULL,NULL,NULL]","[NULL,NULL,NULL]",1
513,le cahier yyy là yyy yyy yyy le cahier il est là le cahier yyy on mange . [media],"[NULL,NULL,NULL]","[NULL,NULL,NULL]",2
514,le cahier il est là yyy yyy yyy comme ça le cahier yyy là .,"[NULL,NULL,NULL]","[NULL,NULL,NULL]",1
514,le cahier il est là yyy yyy yyy comme ça le cahier yyy là .,"[NULL,NULL,NULL]","[NULL,NULL,NULL]",2
515,plus la yyy yyy yyy le le la la main . [media],"[NULL,NULL,NULL]","[NULL,NULL,NULL]",1
515,plus la yyy yyy yyy le le la la main . [media],"[NULL,NULL,NULL]","[NULL,NULL,NULL]",2
516,yyy yyy .,"[NULL,NULL,NULL]","[NULL,NULL,NULL]",1
516,yyy yyy .,"[NULL,NULL,NULL]","[NULL,NULL,NULL]",2
517,maman t es là . [media],"[NULL,NULL,NULL]","[NULL,NULL,NULL]",1
517,maman t es là . [media],"[NULL,NULL,NULL]","[NULL,NULL,NULL]",2
518,ça c'est maman yyy yyy yyy comme ça . [media],"[NULL,NULL,NULL]","[NULL,NULL,NULL]",1
518,ça c'est maman yyy yyy yyy comme ça . [media],"[NULL,NULL,NULL]","[NULL,NULL,NULL]",2
519,0. . [media],"[NULL,NULL,NULL]","[NULL,NULL,NULL]",1
519,0. . [media],"[NULL,NULL,NULL]","[NULL,NULL,NULL]",2
520,le bonhomme il est là yyy yyy . [media],"[NULL,NULL,NULL]","[NULL,NULL,NULL]",1
520,le bonhomme il est là yyy yyy . [media],"[NULL,NULL,NULL]","[NULL,NULL,NULL]",2
521,yyy yyy c'est là maman et moi c'est là . [media],"[NULL,NULL,NULL]","[NULL,NULL,NULL]",1
521,yyy yyy c'est là maman et moi c'est là . [media],"[NULL,NULL,NULL]","[NULL,NULL,NULL]",2
522,hum hum . [media],"[NULL,NULL,NULL]","[NULL,NULL,NULL]",1
522,hum hum . [media],"[NULL,NULL,NULL]","[NULL,NULL,NULL]",2
523,yyy et moi yyy là . [media],"[NULL,NULL,NULL]","[NULL,NULL,NULL]",1
523,yyy et moi yyy là . [media],"[NULL,NULL,NULL]","[NULL,NULL,NULL]",2
524,veux encore un crayon . [media],"[NULL,NULL,NULL]","[NULL,NULL,NULL]",1
524,veux encore un crayon . [media],"[NULL,NULL,NULL]","[NULL,NULL,NULL]",2
525,hə veux encore un crayon . [media],"[NULL,NULL,NULL]","[NULL,NULL,NULL]",1
525,hə veux encore un crayon . [media],"[NULL,NULL,NULL]","[NULL,NULL,NULL]",2
526,si_il_te_plaît . [media],"[NULL,NULL,NULL]","[NULL,NULL,NULL]",1
526,si_il_te_plaît . [media],"[NULL,NULL,NULL]","[NULL,NULL,NULL]",2
527,si_il_te_plaît . [media],"[NULL,NULL,NULL]","[NULL,NULL,NULL]",1
527,si_il_te_plaît . [media],"[NULL,NULL,NULL]","[NULL,NULL,NULL]",2
528,je vais aller te chercher un crayon . [media],"[NULL,NULL,NULL]","[NULL,NULL,NULL]",1
528,je vais aller te chercher un crayon . [media],"[NULL,NULL,NULL]","[NULL,NULL,NULL]",2
529,tu veux un crayon comment ? [media],"[NULL,NULL,NULL]","[NULL,NULL,NULL]",1
529,tu veux un crayon comment ? [media],"[NULL,NULL,NULL]","[NULL,NULL,NULL]",2
530,du jaune ! [media],"[NULL,NULL,NULL]","[NULL,NULL,NULL]",1
530,du jaune ! [media],"[NULL,NULL,NULL]","[NULL,NULL,NULL]",2
531,du jaune je sais pas si j'en ai du jaune hein . [media],"[NULL,NULL,NULL]","[NULL,NULL,NULL]",1
531,du jaune je sais pas si j'en ai du jaune hein . [media],"[NULL,NULL,NULL]","[NULL,NULL,NULL]",2
532,je vais voir ce-que je trouve . [media],"[NULL,NULL,NULL]","[NULL,NULL,NULL]",1
532,je vais voir ce-que je trouve . [media],"[NULL,NULL,NULL]","[NULL,NULL,NULL]",2
533,d'accord ? [media],"[NULL,NULL,NULL]","[NULL,NULL,NULL]",1
533,d'accord ? [media],"[NULL,NULL,NULL]","[NULL,NULL,NULL]",2
534,maman ! [media],"[NULL,NULL,NULL]","[NULL,NULL,NULL]",1
534,maman ! [media],"[NULL,NULL,NULL]","[NULL,NULL,NULL]",2
535,oui ? [media],"[NULL,NULL,NULL]","[NULL,NULL,NULL]",1
535,oui ? [media],"[NULL,NULL,NULL]","[NULL,NULL,NULL]",2
536,j'ai trouvé du jaune . [media],"[NULL,NULL,NULL]","[NULL,NULL,NULL]",1
536,j'ai trouvé du jaune . [media],"[NULL,NULL,NULL]","[NULL,NULL,NULL]",2
537,0. . [media],"[NULL,NULL,NULL]","[NULL,NULL,NULL]",1
537,0. . [media],"[NULL,NULL,NULL]","[NULL,NULL,NULL]",2
538,qu'est-ce qu'on dit ? [media],"[NULL,NULL,NULL]","[NULL,NULL,NULL]",1
538,qu'est-ce qu'on dit ? [media],"[NULL,NULL,NULL]","[NULL,NULL,NULL]",2
539,oh ! [media],"[NULL,NULL,NULL]","[NULL,NULL,NULL]",1
539,oh ! [media],"[NULL,NULL,NULL]","[NULL,NULL,NULL]",2
540,ah ! [media],"[NULL,NULL,NULL]","[NULL,NULL,NULL]",1
540,ah ! [media],"[NULL,NULL,NULL]","[NULL,NULL,NULL]",2
541,il s'est cassé donne ! [media],"[NULL,NULL,NULL]","[NULL,NULL,NULL]",1
541,il s'est cassé donne ! [media],"[NULL,NULL,NULL]","[NULL,NULL,NULL]",2
542,donne je vais le réparer . [media],"[NULL,NULL,NULL]","[NULL,NULL,NULL]",1
542,donne je vais le réparer . [media],"[NULL,NULL,NULL]","[NULL,NULL,NULL]",2
543,mais donne \<None\> . [media],"[NULL,NULL,NULL]","[NULL,NULL,NULL]",1
543,mais donne \<None\> . [media],"[NULL,NULL,NULL]","[NULL,NULL,NULL]",2
544,donne le moi je vais le réparer regarde . [media],"[NULL,NULL,NULL]","[NULL,NULL,NULL]",1
544,donne le moi je vais le réparer regarde . [media],"[NULL,NULL,NULL]","[NULL,NULL,NULL]",2
545,donne . [media],"[NULL,NULL,NULL]","[NULL,NULL,NULL]",1
545,donne . [media],"[NULL,NULL,NULL]","[NULL,NULL,NULL]",2
546,vas_y ouvre le jaune . [media],"[NULL,NULL,NULL]","[NULL,NULL,NULL]",1
546,vas_y ouvre le jaune . [media],"[NULL,NULL,NULL]","[NULL,NULL,NULL]",2
547,tiens ! [media],"[NULL,NULL,NULL]","[NULL,NULL,NULL]",1
547,tiens ! [media],"[NULL,NULL,NULL]","[NULL,NULL,NULL]",2
548,jaune . [media],"[NULL,NULL,NULL]","[NULL,NULL,NULL]",1
548,jaune . [media],"[NULL,NULL,NULL]","[NULL,NULL,NULL]",2
549,tiens ! [media],"[NULL,NULL,NULL]","[NULL,NULL,NULL]",1
549,tiens ! [media],"[NULL,NULL,NULL]","[NULL,NULL,NULL]",2
550,l'est cassé ! [media],"[NULL,NULL,NULL]","[NULL,NULL,NULL]",1
550,l'est cassé ! [media],"[NULL,NULL,NULL]","[NULL,NULL,NULL]",2
551,non il est pas cassé vas_y dessine sur ta feuille avec le jaune . [media],"[NULL,NULL,NULL]","[NULL,NULL,NULL]",1
551,non il est pas cassé vas_y dessine sur ta feuille avec le jaune . [media],"[NULL,NULL,NULL]","[NULL,NULL,NULL]",2
552,0. . [media],"[NULL,NULL,NULL]","[NULL,NULL,NULL]",1
552,0. . [media],"[NULL,NULL,NULL]","[NULL,NULL,NULL]",2
553,il marche plus celui-là ! [media],"[NULL,NULL,NULL]","[NULL,NULL,NULL]",1
553,il marche plus celui-là ! [media],"[NULL,NULL,NULL]","[NULL,NULL,NULL]",2
554,veux un autre ! [media],"[NULL,NULL,NULL]","[NULL,NULL,NULL]",1
554,veux un autre ! [media],"[NULL,NULL,NULL]","[NULL,NULL,NULL]",2
555,mais j'en ai pas d' autre ma puce . [media],"[NULL,NULL,NULL]","[NULL,NULL,NULL]",1
555,mais j'en ai pas d' autre ma puce . [media],"[NULL,NULL,NULL]","[NULL,NULL,NULL]",2
556,veux un autre ! [media],"[NULL,NULL,NULL]","[NULL,NULL,NULL]",1
556,veux un autre ! [media],"[NULL,NULL,NULL]","[NULL,NULL,NULL]",2
557,veux un autre yyy crayon . [media],"[NULL,NULL,NULL]","[NULL,NULL,NULL]",1
557,veux un autre yyy crayon . [media],"[NULL,NULL,NULL]","[NULL,NULL,NULL]",2
558,j'en ai pas d' autre parce que tes frères ils les ont emmenés en vacances les crayons . [media],"[NULL,NULL,NULL]","[NULL,NULL,NULL]",1
558,j'en ai pas d' autre parce que tes frères ils les ont emmenés en vacances les crayons . [media],"[NULL,NULL,NULL]","[NULL,NULL,NULL]",2
559,non veux un crayon ! [media],"[NULL,NULL,NULL]","[NULL,NULL,NULL]",1
559,non veux un crayon ! [media],"[NULL,NULL,NULL]","[NULL,NULL,NULL]",2
560,veux un crayon maman ! [media],"[NULL,NULL,NULL]","[NULL,NULL,NULL]",1
560,veux un crayon maman ! [media],"[NULL,NULL,NULL]","[NULL,NULL,NULL]",2
561,oui attends . [media],"[NULL,NULL,NULL]","[NULL,NULL,NULL]",1
561,oui attends . [media],"[NULL,NULL,NULL]","[NULL,NULL,NULL]",2
562,0. . [media],"[NULL,NULL,NULL]","[NULL,NULL,NULL]",1
562,0. . [media],"[NULL,NULL,NULL]","[NULL,NULL,NULL]",2
563,veux un crayon encore ! [media],"[NULL,NULL,NULL]","[NULL,NULL,NULL]",1
563,veux un crayon encore ! [media],"[NULL,NULL,NULL]","[NULL,NULL,NULL]",2
564,celui-là il est cassé . [media],"[NULL,NULL,NULL]","[NULL,NULL,NULL]",1
564,celui-là il est cassé . [media],"[NULL,NULL,NULL]","[NULL,NULL,NULL]",2
565,attention ! [media],"[NULL,NULL,NULL]","[NULL,NULL,NULL]",1
565,attention ! [media],"[NULL,NULL,NULL]","[NULL,NULL,NULL]",2
566,ramasse le bouchon ! [media],"[NULL,NULL,NULL]","[NULL,NULL,NULL]",1
566,ramasse le bouchon ! [media],"[NULL,NULL,NULL]","[NULL,NULL,NULL]",2
567,0. . [media],"[NULL,NULL,NULL]","[NULL,NULL,NULL]",1
567,0. . [media],"[NULL,NULL,NULL]","[NULL,NULL,NULL]",2
568,tu ramasses le bouchon du jaune . [media],"[NULL,NULL,NULL]","[NULL,NULL,NULL]",1
568,tu ramasses le bouchon du jaune . [media],"[NULL,NULL,NULL]","[NULL,NULL,NULL]",2
569,Anaé ! [media],"[NULL,NULL,NULL]","[NULL,NULL,NULL]",1
569,Anaé ! [media],"[NULL,NULL,NULL]","[NULL,NULL,NULL]",2
570,ramasse le bouchon du jaune regarde il est à-côté de Patapouf ! [media],"[NULL,NULL,NULL]","[NULL,NULL,NULL]",1
570,ramasse le bouchon du jaune regarde il est à-côté de Patapouf ! [media],"[NULL,NULL,NULL]","[NULL,NULL,NULL]",2
571,0. atchoum ! [media],"[NULL,NULL,NULL]","[NULL,NULL,NULL]",1
571,0. atchoum ! [media],"[NULL,NULL,NULL]","[NULL,NULL,NULL]",2
572,yyy dessine le jaune . [media],"[NULL,NULL,NULL]","[NULL,NULL,NULL]",1
572,yyy dessine le jaune . [media],"[NULL,NULL,NULL]","[NULL,NULL,NULL]",2
573,0. . [media],"[NULL,NULL,NULL]","[NULL,NULL,NULL]",1
573,0. . [media],"[NULL,NULL,NULL]","[NULL,NULL,NULL]",2
574,encore un un bonhomme maman ? [media],"[CHI-Initiation:Information-seeking:fact-based,NULL,NULL]","[CHI-Initiation:Information-seeking:fact-based,NULL,NULL]",1
574,encore un un bonhomme maman ? [media],"[NULL,NULL,NULL]","[NULL,NULL,NULL]",2
575,[quote] hum hum .,"[PAR-Response:Answer:no-explanation-needed,NULL,NULL]","[PAR-Response:Answer:no-explanation-needed,NULL,NULL]",1
575,[quote] hum hum .,"[NULL,NULL,NULL]","[NULL,NULL,NULL]",2
576,encore un bonhomme ? [media],"[CHI-Follow-up:Re-ask-initial-question,CHI-Initiation:Information-seeking:fact-based,NULL]","[CHI-Follow-up:Re-ask-initial-question,CHI-Initiation:Information-seeking:fact-based,NULL]",1
576,encore un bonhomme ? [media],"[NULL,NULL,NULL]","[NULL,NULL,NULL]",2
577,ouais ! [media],"[PAR-Response:Answer:no-explanation-needed,NULL,NULL]","[PAR-Response:Answer:no-explanation-needed,NULL,NULL]",1
577,ouais ! [media],"[NULL,NULL,NULL]","[NULL,NULL,NULL]",2
578,0. . [media],"[CHI-Follow-up:Otherwise,NULL,NULL]","[NULL,NULL,NULL]",1
578,0. . [media],"[NULL,NULL,NULL]","[NULL,NULL,NULL]",2
579,là c'est le yyy . [media],"[NULL,NULL,NULL]","[CHI-Follow-up:Otherwise,NULL,NULL]",1
579,là c'est le yyy . [media],"[NULL,NULL,NULL]","[NULL,NULL,NULL]",2
580,là c'est le yyy . [media],"[NULL,NULL,NULL]","[NULL,NULL,NULL]",1
580,là c'est le yyy . [media],"[NULL,NULL,NULL]","[NULL,NULL,NULL]",2
581,là c'est le yyy . [media],"[NULL,NULL,NULL]","[NULL,NULL,NULL]",1
581,là c'est le yyy . [media],"[NULL,NULL,NULL]","[NULL,NULL,NULL]",2
582,on donne à yyy . [media],"[NULL,NULL,NULL]","[NULL,NULL,NULL]",1
582,on donne à yyy . [media],"[NULL,NULL,NULL]","[NULL,NULL,NULL]",2
583,là c'est la yyy . [media],"[NULL,NULL,NULL]","[NULL,NULL,NULL]",1
583,là c'est la yyy . [media],"[NULL,NULL,NULL]","[NULL,NULL,NULL]",2
584,là encore un yyy . [media],"[NULL,NULL,NULL]","[NULL,NULL,NULL]",1
584,là encore un yyy . [media],"[NULL,NULL,NULL]","[NULL,NULL,NULL]",2
585,encore un yyy là ! [media],"[NULL,NULL,NULL]","[NULL,NULL,NULL]",1
585,encore un yyy là ! [media],"[NULL,NULL,NULL]","[NULL,NULL,NULL]",2
586,le bateau il est là . [media],"[NULL,NULL,NULL]","[NULL,NULL,NULL]",1
586,le bateau il est là . [media],"[NULL,NULL,NULL]","[NULL,NULL,NULL]",2
587,le bateau il est là yyy . [media],"[NULL,NULL,NULL]","[NULL,NULL,NULL]",1
587,le bateau il est là yyy . [media],"[NULL,NULL,NULL]","[NULL,NULL,NULL]",2
588,ça c'est le yyy . [media],"[NULL,NULL,NULL]","[NULL,NULL,NULL]",1
588,ça c'est le yyy . [media],"[NULL,NULL,NULL]","[NULL,NULL,NULL]",2
589,0. . [media],"[NULL,NULL,NULL]","[NULL,NULL,NULL]",1
589,0. . [media],"[NULL,NULL,NULL]","[NULL,NULL,NULL]",2
590,et ça c'est yyy . [media],"[NULL,NULL,NULL]","[NULL,NULL,NULL]",1
590,et ça c'est yyy . [media],"[NULL,NULL,NULL]","[NULL,NULL,NULL]",2
591,yyy yyy yyy . [media],"[NULL,NULL,NULL]","[NULL,NULL,NULL]",1
591,yyy yyy yyy . [media],"[NULL,NULL,NULL]","[NULL,NULL,NULL]",2
592,zə dessine Brice . [media],"[NULL,NULL,NULL]","[NULL,NULL,NULL]",1
592,zə dessine Brice . [media],"[NULL,NULL,NULL]","[NULL,NULL,NULL]",2
593,hein ? [media],"[NULL,NULL,NULL]","[NULL,NULL,NULL]",1
593,hein ? [media],"[NULL,NULL,NULL]","[NULL,NULL,NULL]",2
594,\<None\> \<None\> \<None\> \<None\> . [media],"[NULL,NULL,NULL]","[NULL,NULL,NULL]",1
594,\<None\> \<None\> \<None\> \<None\> . [media],"[NULL,NULL,NULL]","[NULL,NULL,NULL]",2
595,tu dessines Brice ? [media],"[NULL,NULL,NULL]","[NULL,NULL,NULL]",1
595,tu dessines Brice ? [media],"[NULL,NULL,NULL]","[NULL,NULL,NULL]",2
596,ouais !,"[NULL,NULL,NULL]","[NULL,NULL,NULL]",1
596,ouais !,"[NULL,NULL,NULL]","[NULL,NULL,NULL]",2
597,c'est bien . [media],"[NULL,NULL,NULL]","[NULL,NULL,NULL]",1
597,c'est bien . [media],"[NULL,NULL,NULL]","[NULL,NULL,NULL]",2
598,c'est ça Brice . [media],"[NULL,NULL,NULL]","[NULL,NULL,NULL]",1
598,c'est ça Brice . [media],"[NULL,NULL,NULL]","[NULL,NULL,NULL]",2
599,c'est ça Brice maman . [media],"[NULL,NULL,NULL]","[NULL,NULL,NULL]",1
599,c'est ça Brice maman . [media],"[NULL,NULL,NULL]","[NULL,NULL,NULL]",2
600,d'accord . [media],"[NULL,NULL,NULL]","[NULL,NULL,NULL]",1
600,d'accord . [media],"[NULL,NULL,NULL]","[NULL,NULL,NULL]",2
601,et tu dessines son bébé ? [media],"[NULL,NULL,NULL]","[NULL,NULL,NULL]",1
601,et tu dessines son bébé ? [media],"[NULL,NULL,NULL]","[NULL,NULL,NULL]",2
602,oui . [media],"[NULL,NULL,NULL]","[NULL,NULL,NULL]",1
602,oui . [media],"[NULL,NULL,NULL]","[NULL,NULL,NULL]",2
603,comment il s'appelle son bébé ? [media],"[NULL,NULL,NULL]","[NULL,NULL,NULL]",1
603,comment il s'appelle son bébé ? [media],"[NULL,NULL,NULL]","[NULL,NULL,NULL]",2
604,je dessine bébé . [media],"[NULL,NULL,NULL]","[NULL,NULL,NULL]",1
604,je dessine bébé . [media],"[NULL,NULL,NULL]","[NULL,NULL,NULL]",2
605,comment il s'appelle le bébé de Brice ? [media],"[NULL,NULL,NULL]","[NULL,NULL,NULL]",1
605,comment il s'appelle le bébé de Brice ? [media],"[NULL,NULL,NULL]","[NULL,NULL,NULL]",2
606,ça c'est la bébé .,"[NULL,NULL,NULL]","[NULL,NULL,NULL]",1
606,ça c'est la bébé .,"[NULL,NULL,NULL]","[NULL,NULL,NULL]",2
607,ouais . [media],"[NULL,NULL,NULL]","[NULL,NULL,NULL]",1
607,ouais . [media],"[NULL,NULL,NULL]","[NULL,NULL,NULL]",2
608,et ça le bébé c'est yyy ça c'est Brice . [media],"[NULL,NULL,NULL]","[NULL,NULL,NULL]",1
608,et ça le bébé c'est yyy ça c'est Brice . [media],"[NULL,NULL,NULL]","[NULL,NULL,NULL]",2
609,et ça c'est le yyy qui part . [media],"[NULL,NULL,NULL]","[NULL,NULL,NULL]",1
609,et ça c'est le yyy qui part . [media],"[NULL,NULL,NULL]","[NULL,NULL,NULL]",2
610,et ça c'est le bateau yyy yyy . [media],"[NULL,NULL,NULL]","[NULL,NULL,NULL]",1
610,et ça c'est le bateau yyy yyy . [media],"[NULL,NULL,NULL]","[NULL,NULL,NULL]",2
611,qui quoi ? [media],"[NULL,NULL,NULL]","[NULL,NULL,NULL]",1
611,qui quoi ? [media],"[NULL,NULL,NULL]","[NULL,NULL,NULL]",2
612,yyy ça c'est un bateau . [media],"[NULL,NULL,NULL]","[NULL,NULL,NULL]",1
612,yyy ça c'est un bateau . [media],"[NULL,NULL,NULL]","[NULL,NULL,NULL]",2
613,et qu'est-ce qu'il fait le bateau ? [media],"[NULL,NULL,NULL]","[NULL,NULL,NULL]",1
613,et qu'est-ce qu'il fait le bateau ? [media],"[NULL,NULL,NULL]","[NULL,NULL,NULL]",2
614,de l'eau . [media],"[NULL,NULL,NULL]","[NULL,NULL,NULL]",1
614,de l'eau . [media],"[NULL,NULL,NULL]","[NULL,NULL,NULL]",2
615,ah d'accord . [media],"[NULL,NULL,NULL]","[NULL,NULL,NULL]",1
615,ah d'accord . [media],"[NULL,NULL,NULL]","[NULL,NULL,NULL]",2
616,c'est le ça c'est le bateau yyy yyy yyy . [media],"[NULL,NULL,NULL]","[NULL,NULL,NULL]",1
616,c'est le ça c'est le bateau yyy yyy yyy . [media],"[NULL,NULL,NULL]","[NULL,NULL,NULL]",2
617,ça c'est le bateau encore . [media],"[NULL,NULL,NULL]","[NULL,NULL,NULL]",1
617,ça c'est le bateau encore . [media],"[NULL,NULL,NULL]","[NULL,NULL,NULL]",2
618,ça c'est le yyy yyy yyy . [media],"[NULL,NULL,NULL]","[NULL,NULL,NULL]",1
618,ça c'est le yyy yyy yyy . [media],"[NULL,NULL,NULL]","[NULL,NULL,NULL]",2
619,et ça c'est le yyy dessin de yyy . [media],"[NULL,NULL,NULL]","[NULL,NULL,NULL]",1
619,et ça c'est le yyy dessin de yyy . [media],"[NULL,NULL,NULL]","[NULL,NULL,NULL]",2
620,0. . [media],"[NULL,NULL,NULL]","[NULL,NULL,NULL]",1
620,0. . [media],"[NULL,NULL,NULL]","[NULL,NULL,NULL]",2
621,0. . [media],"[NULL,NULL,NULL]","[NULL,NULL,NULL]",1
621,0. . [media],"[NULL,NULL,NULL]","[NULL,NULL,NULL]",2
